customer_tweet_id,support_tweet_id,customer_created_at,customer_text,support_text,customer_parent_id,word_count
2814551,2814550,Mon Nov 27 02:23:32 +0000 2017,@AppleSupport curious if this is a legit message? I only received it on one website and can go to others as normal! Thanks! https://t.co/9Q6PC1Qy4u,@784687 We're happy to help! This alert is not from Apple. You can review our guide here for some helpful tips: https://t.co/qr0pQg1RQb,,24
1195862,1195861,Wed Oct 25 02:06:11 +0000 2017,"If my wifi continues to drop like this, I’m switching to Android. I’m over my monthly cap and I didn’t even know it! 😡 @AppleSupport",@400987 Thanks for contacting us about your Wi-Fi. We'd be happy to look into this with you. Please meet us in DM. https://t.co/GDrqU2kzhr,,25
2058610,2058609,Sat Oct 07 02:05:32 +0000 2017,@AppleSupport how do i turn off auto-brightness in IOS 11.0.2. It used to be in the settings but it’s not there anymore. Thanks,"@608856 Let's help. To change this, check: Settings &gt; General &gt; Accessibility &gt; Display Accommodations but DM any further concerns. https://t.co/GDrqU22YpT",,23
435838,435837,Tue Oct 10 15:39:10 +0000 2017,My Apple Music app won’t work it just keeps crashing since the update but I’m still getting charged ? Wtf @AppleSupport,@218528 We've sent a DM look out for that and follow up there!,,21
426707,426706,Tue Oct 10 03:52:35 +0000 2017,@AppleSupport Some people are having this problem why isn't my phone notifying me when I get a message? It'll notify me minutes later,"@216480 We're here to help. To start, what device model and software version are you using?",,23
1953063,1953062,Sun Oct 29 16:26:54 +0000 2017,"@ATT @AppleSupport having problems with my iPhone, always freezing, always restarting itself, shutting off. Help please!!!",@356534 We'll be happy to help in any way we can. Does the freezing and restarting happen when you are using a particular app?,,16
857097,857096,Fri Oct 13 09:19:32 +0000 2017,@323529 @115858 my iphone 7 is not charging more then 10% 😳,@323528 This is not the experience we want you to have. Which iOS version are you using?,857098.0,12
1679950,1679949,Mon Nov 06 12:59:35 +0000 2017,@AppleSupport fix this “A ?” Text error man,@376183 Here’s what you can do to work around the issue until it’s fixed in a future software update: https://t.co/xXaXeeSRt9,,8
990332,990331,Thu Oct 12 00:08:16 +0000 2017,"I spent months avoiding the iOS update, finally did it and now my iPhone is glitchy AF. I fucking hate you @115858",@354584 We'd like to work with you. DM us the iOS version you're using to get started. https://t.co/GDrqU22YpT,,22
391723,391725,Mon Oct 09 16:28:01 +0000 2017,"@AppleSupport Messages app is fine, but I’m not being notified for @4305 messages.","@208751 Thanks for letting us know, have you tried to configure notifications again? Let us know what happens https://t.co/2txgOv5s2M",391722.0,13
332502,332504,Sat Oct 07 19:38:14 +0000 2017,@AppleSupport Version 11.0.2 Unexpecteded battery drain overnight and during the day within 6hrs from 99 to 30. Only used waze for 40mins.,@195174 Let's dive a bit deeper into this. Please DM us and we can go from there.,332501.0,22
1247825,1247827,Thu Oct 26 01:42:53 +0000 2017,"@AppleSupport My volume + lock buttons won’t work, apps crashing, phone freezing so I’m forced to reboot 3-4 times a day, FaceTime malfunctions",@412766 Thank you. Please send us a DM and we will take it from there. https://t.co/GDrqU22YpT,1247824.0,23
2033122,2033121,Tue Nov 07 14:09:04 +0000 2017,Update didn’t fix email issues! Cmon @115858,@601186 Thanks for reaching out. Could you let us know more details about your situation via a DM? We’ll move from there. https://t.co/GDrqU22YpT,,7
2780614,2780613,Tue Nov 21 16:39:25 +0000 2017,"@115858 can you please start making good quality phones 😡, it sucks you know, coz i have lost my data, i lost my job opportunity and still not able to login because the mobile number i have registered i change and can't pass the 2step verification.","@754064 We understand needing access to your account. It's important to always keep your info up-to-date. If you no longer have access to a trusted device or phone number and are using two-factor authentication, you'll want to enter account recovery: https://t.co/nXAGZj0EE7",,46
546550,546548,Sat Dec 02 10:29:06 +0000 2017,@AppleSupport i think my battery is not giving enough backup. What can i do?,@150731 We'd like to help. Which device and software version are you using? Can you tell us more about the issue?,,14
602378,602377,Sun Dec 03 21:47:41 +0000 2017,@AppleSupport my iPad mini charges to 100% then I unplug it and use it for 30 seconds and it shuts down and says it has no battery,"@262989 We'd love to help with your iPad mini! Please send us a DM, and we'll investigate this together. https://t.co/GDrqU22YpT",,27
43367,43366,Wed Nov 01 15:12:04 +0000 2017,@AppleSupport Can’t change the Apple ID to @798.com Website stills shows it is not possible. I used this document: https://t.co/5tVOJEnCkg,@125614 Thanks for reaching out! Our Account Security team is best suited to help you. You can reach them here: https://t.co/UJm15vmMM2,,20
2004241,2004240,Wed Oct 18 13:28:08 +0000 2017,"@AppleSupport Hi, I'm trying to connect to icloud using cellular data on an iPhone 8 with IOS 11.0.3 and it's working only with WiFi.",@592677 Having access to your iCloud data is important! Let us know what happens when accessing iCloud over cellular in DM so we can help. https://t.co/GDrqU22YpT,,24
35343,35345,Wed Nov 01 14:36:52 +0000 2017,"@AppleSupport Thanks for getting back to me. I have Windows 10 &amp; the latest version of iTunes, which updated this morning just before I did the sync.",@123704 Thanks for letting us know. Check out this article for troubleshooting: https://t.co/czNgyf4Rgl DM us if the issue persists. https://t.co/GDrqU22YpT,35342.0,27
2036126,2036125,Mon Nov 06 21:00:48 +0000 2017,Has anyone else had this problem?? (ALSO no apps will download/update... just keeps spinning) @115858 https://t.co/Mq7i9RrXSJ,"@601975 We're here for you, let's team up in DM &amp; get your iPhone updated. Does restarting change anything? https://t.co/OWRDHWSt4h https://t.co/GDrqU22YpT",,16
96997,96996,Thu Nov 30 16:00:00 +0000 2017,Really disappointed with @115858 and their new iOS update. Too many glitches &amp; none of my apps run well.,"@137171 We're sorry to hear you're having issues with the update. We're happy to see what we can do to assist. What issues specifically are you having with your device? Also, what version of iOS are you on? The latest is iOS 11.1.2.",,19
208261,771182,Sat Oct 07 14:19:11 +0000 2017,@AppleSupport On my MBP with Yosemite I can’t update any app nor download new because verification always fail. How do I turn it off?,@304181 We've got your DM and will continue there shortly.,208231.0,24
688381,688380,Thu Oct 05 19:41:04 +0000 2017,Can @115858 make another update that doesn’t kill my battery after sending one text 🙄,@284450 We'd be happy to look into this with you.  Please reach out to us via DM and we'll get started. https://t.co/GDrqU22YpT,,15
2256447,2256445,Thu Oct 19 17:16:35 +0000 2017,"@AppleSupport Since IOS11 messages to my iPhone no longer appear on my iMac, iPad etc. What has changed and how do I get it back ?",@641881 We're here to help. DM us what iOS 11 version you are on and what software version your iMac is on. https://t.co/GDrqU22YpT,,26
2782039,2782038,Tue Nov 21 17:02:30 +0000 2017,@115858 now my phone jus won't charge? sigh y'all make it obvious,@776919 We know how important it is for your phone to be able to charge. The following article may help you get your phone charging again: https://t.co/uqxquyfdn0,,12
588099,588098,Sun Dec 03 13:29:07 +0000 2017,I am getting more and more frustrated with my @115858 products! #appletv doesn’t sign in #photo is not user friendly #iphone is temperamental! I could continue but I don’t have all day!,@258976 We appreciate you bringing this to our attention. We’d like to get you in touch with an expert from our Apple TV team to assist further. Use this link to get connected with them:   https://t.co/IBIY3vMgPj,,32
1588870,1588869,Sat Nov 04 19:44:53 +0000 2017,"@115858 @AppleSupport I’m going insane. Every time I type “I” it turns to an A and a symbol box. Only on apps, not on iMessage. HELP",@488603 We're here for you. Check out this article for help: https://t.co/xU1AGHStV6,,26
2027398,2027397,Mon Nov 06 17:36:32 +0000 2017,@115858 iOS still very glitchy turning “i” into garbled text. Guess y’all took the weekend off after that $AAPL earnings report. 😂,@599537 Here’s what you can do to work around the issue until it’s fixed in a future software update: https://t.co/xXaXeeSRt9 https://t.co/GDrqU22YpT,,22
300110,300109,Fri Oct 06 17:01:06 +0000 2017,@AppleSupport Also my volume button changes the volume by the on screen volume bar doesn’t move. Apps crash a lot.,@187565 We have released 11.0.2. Make sure you have a backup and then go ahead and get your iPhone updated: https://t.co/80YRnjDFDk,300111.0,20
1834075,1834074,Wed Oct 18 09:34:11 +0000 2017,My battery is was on 100% 30 mins ago now it’s on 65% what a joke @115858 your products are pants tbh crap battery life joke ting,@550151 We're happy to look into these battery issues with you. Let us know which device and operating system you're using via DM. https://t.co/GDrqU22YpT,,27
2047529,2047526,Wed Oct 18 22:57:33 +0000 2017,@AppleSupport my iPhone7 will continually ask for my gmail password when I'm not doing anything it's happening every minute how do I stop it,"@442656 We're here to help. Do you get any errors when you input your password? Also, which version of iOS are you currently running?",,24
1654644,1654643,Mon Nov 06 01:10:01 +0000 2017,Is the letter “I” messing up on any other iPhone users’ phones? What’s going on @AppleSupport??,@505000 Here’s what you can do to work around the issue until it’s fixed in a future software update: https://t.co/xXaXeeSRt9,,16
1691858,1691857,Mon Nov 06 18:34:09 +0000 2017,I should’ve waited to download iOS11. Battery sucks now. And there needs to be an onion emoji! @AppleSupport fix that 💩,@513552 We'd like to help. Which iOS did you update to? When did you update? Let us know in DM. https://t.co/GDrqU22YpT,,21
322336,322333,Sat Oct 07 05:19:20 +0000 2017,@AppleSupport iOS 11.0.2! Phone no longer fit for purpose. Doctor on call!,@192790 We're here to help. Can you provide us more details on what is taking place with your device?,,12
2646308,2646307,Fri Nov 17 21:27:30 +0000 2017,Totally unimpressed with the service from @AppleSupport @115858.... wait for 30 minutes + in a que for a “genius” to clean your speakers with blue-tack and tell you it’s fixed...! 10 minutes later I receive a call and they still can’t hear me 🙄🤬!!,@746624 We'd like to hear more about this. Please DM us your model iPhone and the iOS version installed to get started. https://t.co/GDrqU22YpT,,44
1949862,1949861,Sun Oct 29 04:41:16 +0000 2017,@AppleSupport My iPhone 6 charger adapter is not charging my phone. buy just before a month. https://t.co/HGvbIDUPrD,@579194 We know you need your power adapter working so you can charge your iPhone. Please DM us the country you're located in. https://t.co/GDrqU22YpT,,17
795850,795849,Thu Oct 12 11:36:57 +0000 2017,Why is my brand new iPhone 7 such a shit show !? @115858,@309757 Tell us more about the issue you're experiencing via DM so we can help. https://t.co/GDrqU22YpT,,13
2452923,2452920,Sun Oct 29 18:19:07 +0000 2017,"@115858 word to the technical gurus behind the new update.... it stinks!! Pls get your oopsie update fixed!! Phone locks up, freezes, slow",@702778 We'd like to help with your issues to get it working smoothly again. Is iOS 11.0.3 installed on it currently? Which model is it?,,23
2588314,2588313,Mon Oct 30 18:28:47 +0000 2017,@AppleSupport The battery on my iPhone diminishes precipitously – what’s the best way to check if I need to buy a new one?,@733294 We're glad to assist. What iPhone model and what iOS version is it on? How long has this been an issue?,,23
1859967,1859966,Thu Oct 19 15:45:47 +0000 2017,@AppleSupport is there a way to fix freezing/lagging problems with an iPhone? Been having problems everyday since updating it to iOS 11.0.3,"@349147 We'd like to look into this with you. To get started, DM us which iPhone you're using and we'll work from there: https://t.co/GDrqU22YpT",,22
2169862,2169861,Thu Nov 09 03:27:05 +0000 2017,"@AppleSupport This was the first time it happened in the Messages app. Some other apps, especially Snapchat, have been freezing and crashing as well.","@636536 Understood. Please DM and, and we will continue from there. https://t.co/GDrqU22YpT",2169863.0,24
87125,2947061,Wed Nov 29 14:40:00 +0000 2017,"@AppleSupport Hi, i dont know why but i’ve lost thousands of videos and images after the latest software update?! How can i get them back?","@813974 Photos and videos are a big part of why we like our devices too. Let's see where your photos and videos are. Which device are you using? Are you using iCloud? If you log into this site from a computer, are you able to see your photos: https://t.co/9bUADNIlYp?",87091.0,25
652997,652996,Wed Nov 22 21:12:13 +0000 2017,"Thanks, @115858.   $900B company. $1,100 iPhone X.   Every time Tha\T’ I type “that”, it autocorrects to “Tha\T’”.   FIX IT!!!!!",@275271 Hey there. Congratulations on your new iPhone X. Let's figure out what's happening with autocorrect. Please DM and tell us what version of iOS you see under Settings &gt; General &gt; About &gt; Version. https://t.co/GDrqU22YpT,,19
2266068,2266066,Sat Nov 11 03:57:21 +0000 2017,"@115858 @AppleSupport just got iPhone X, dead on arrival.  Won't charge, start up, completely dead.  Come on guys, what happened to ""it just works""?  Especially after 3AM EST preorder...",@659596 We're so sorry you're having issues with your new iPhone! Send us a DM and we can look into this with you. https://t.co/GDrqU22YpT,,29
215847,215849,Wed Oct 04 21:32:19 +0000 2017,@AppleSupport And my sim card (att) continues to leave the network (sim failure),"@167331 Okay, thanks. Let's get updated to iOS 11.0.2. Follow the steps here: https://t.co/80YRnjDFDk DM us if the issue continues. https://t.co/GDrqU22YpT",215846.0,13
2581942,2581941,Thu Nov 16 22:40:27 +0000 2017,@AppleSupport my purchased text tones don’t work anymore 🤔,@731749 We'd like to see how we can help. Join us in DM and we'll get started. https://t.co/GDrqU2kzhr,,9
2417462,2417461,Tue Nov 14 17:19:25 +0000 2017,Man @AppleSupport what’s up with y’all service today. I’ve been disconnected 4 times today just get another AirPods charging case. And still don’t have an order placed. I’m just gonna go in store. https://t.co/MVW8KZPg3q,@694713 Let's see if we can help save you a trip. DM us the country you are located in and we'll continue there. https://t.co/GDrqU22YpT,,34
481748,481747,Fri Dec 01 06:11:00 +0000 2017,@AppleSupport we got a real problem this time fam. Y’all got me fucked up forreal. This dumb ass Apple Watch done broke my wrist out into a rash y’all gotta see me immediately,@229506 We're glad you reached out. We'd like to know more about what's happening. Send us a DM and we'll go from there. https://t.co/GDrqU22YpT,,33
2043503,2043502,Wed Oct 04 22:47:39 +0000 2017,"@AppleSupport Starting today, Instagram is crashing on iOS11. Also, battery is draining like water on my iPhone. Can you do anything?",@604307 We can certainly help. Look at this article for help with your app crashing. DM us about your battery: https://t.co/fUZ0NRJxcn https://t.co/GDrqU22YpT,,21
702149,702148,Fri Oct 06 00:38:08 +0000 2017,"@AppleSupport Since updating to iOS 11,Music app's been crashing if i'm connected to wifi. What should i do?",@287681 You've come to the right place. DM us the specifics and we'll work from there. https://t.co/GDrqU22YpT,,18
2605773,2605775,Mon Oct 30 20:54:03 +0000 2017,@AppleSupport Both. It no longer will connect through USB at all. It connects via BT but it will not play through the speakers.,@536668 Let's take a closer look into this. DM us the exact OS version and we'll go from there. https://t.co/GDrqU22YpT,2605772.0,23
2477582,2477581,Wed Nov 15 08:01:19 +0000 2017,"if anyone has been trying to get in touch with me I updated my phone and now it won't charge. @115858, I admire your business strategies.","@708155 We want to make sure you're able to charge your iPhone. We'll do everything we can to help. To start, check out the following article: https://t.co/uqxquyfdn0  If you're still having issues after that, reach out to us via DM. https://t.co/GDrqU22YpT",,26
2291475,2291477,Thu Oct 19 19:55:09 +0000 2017,@AppleSupport I just don’t any sound for notifications,"@627759 Got it. Review the section regarding changing alert styles, and let us know if that does the trick: https://t.co/2txgOv5s2M",2291473.0,8
567608,567607,Sun Dec 03 02:07:26 +0000 2017,@253132 @115858 @AppleSupport Which version did you update to? Should I wait??? Mine has been 💩💩💩💩 since the last couple of updates. 😬,"@253131 Let us know via DM which issues you've run in to, then we'll be happy to help out from there. https://t.co/GDrqU22YpT",567610.0,23
1083993,1083992,Mon Oct 23 17:28:59 +0000 2017,@AppleSupport I just upgraded to 11.0.3 and top layout is messed up. Suggestions to fix? Already turned on/off. Thx https://t.co/hvYhQJTnlW,@375695 Thanks for reaching out to us. Are you seeing anything in particular that seems out of place?,,20
1130598,1130597,Sun Oct 15 12:16:27 +0000 2017,@AppleSupport music app not working on my 7 plus and also not able to updating 11.0.3 getting stuck what I should do,@386446 Thanks for reaching out to us. Please send us a DM and we can chat with you there. https://t.co/GDrqU22YpT,,22
2429271,2429270,Tue Nov 14 19:56:28 +0000 2017,@AppleSupport I’ll send this again seeing as I didn’t get a reply when I last posted; updated to the latest IOS (11.1.1) and I’m still seeing the stupid question mark everywhere!,"@697435 We'd like to help. Are you seeing this issue when you type or only when others type? If you are seeing this when you type, DM us. If not, the issue is not on your device. https://t.co/GDrqU22YpT",,31
1877125,1877124,Sun Oct 22 04:39:39 +0000 2017,@115858 FIX UR SHIT MY MUSIC APP WAS WORKING LAST WEEK NOW THAT I WANNA MAKE A NEW PLAYLIST SHIT FROM LAST MONTH IS HAPPENING AGAIN,@560340 We'd like to work with you on this. Meet us in DM. We'll create a plan after we get some additional information about the issue. https://t.co/GDrqU22YpT,,26
1858231,1858230,Thu Oct 19 12:27:50 +0000 2017,@AppleSupport pressed the link for 3 months free trail. Already charged me???,@265531 Thank you for reaching out to us. Could you please share a few details with us in DM about what you're experiencing? https://t.co/GDrqU22YpT,,12
1341750,1341749,Fri Oct 27 12:32:03 +0000 2017,@AppleSupport I’m locked out of my iMac - done recovery but when I go to install osx it says temporarily unavailable and it has for 3 days,@432956 We'd like to look into this with you. Which version of macOS are you trying to reinstall?,,27
2689476,2689474,Sun Nov 19 12:42:37 +0000 2017,@AppleSupport hi the ios is getting bad with the new update a lot of problems the phone stop working sometimes note8 is waiting 🧐,"@756139 We'd like to help with any issues you're experiencing. Please let us know which iPhone model and version of iOS you're using, and we'll help get to the bottom of it with you.",,24
2784641,2784643,Tue Nov 21 18:25:27 +0000 2017,@AppleSupport Done this. Still having the same problem though :( reading on the internet something about the battery swelling from people that have had similar problems.,"@777511 Great work so far. We've received your DM, and we'll continue working together there.",2784640.0,26
1451559,1451558,Thu Nov 02 16:09:12 +0000 2017,@AppleSupport how to know about iphone purchased country.,@456846 We've received your DM and look forward to working with you there.,,8
1508677,1508676,Fri Nov 03 05:32:54 +0000 2017,Why tf is apple charging me $23 to update my apps? @115858,@470172 Our iTunes support team will be glad to partner with you on this. They can be reached here: https://t.co/SDIe7UiyJN,,12
1915424,1915423,Thu Oct 26 00:32:35 +0000 2017,"@AppleSupport Spent 5 hrs in last two days trying to get my new iPhone 8 work and I don't see any solid solution. Apple Care says something, apple associates at store something. Is there an end to it? Seriously thinking of switching back to my android.",@394193 That's not the experience we want you to have. Reach out to us over DM and we can continue working with you. https://t.co/GDrqU22YpT,,46
1018839,1018838,Sun Oct 22 20:58:55 +0000 2017,@AppleSupport There's a bug in Mac's OS that won't open video files.  Not even video files shot with the #iPhone  #HighSierra 10.13 is a mess! https://t.co/0QLGVZB2ag,@361073 We want you to have a seamless transition when opening video files. What app are you using on the Mac to open them?,,26
1998730,1998729,Thu Nov 02 17:31:56 +0000 2017,@AppleSupport please fix this trash update. I have to restart my phone literally 20 times a day,@590981 Hello. We want your iPhone to be nimble and ready to use when you need it. Let's check a few things together via DM. https://t.co/GDrqU22YpT,,17
2947116,2947114,Wed Nov 29 12:57:34 +0000 2017,"Had my iPhone plugged in overnight and somehow, it drained the charge when it should be gaining it... @AppleSupport",@565226 Always glad to help. Where is the iPhone plugged in for charging?  Is this a wall outlet or computer USB port?,,19
2048405,2048404,Thu Oct 05 12:55:10 +0000 2017,. @AppleSupport watch and phone time are out of sync for 1+ hour now. Crucial in the mornings @115858 https://t.co/qGt9p2kZQH,"@605785 Check out this article and verify the Settings are ""Set Automatically"" https://t.co/LrZacC2tay Send us a DM and let us know. https://t.co/GDrqU22YpT",,20
2208870,2208869,Thu Oct 19 13:02:07 +0000 2017,@115858 Oh wait i know why... bc i happened to update to ios 11 😒,@645715 Thanks for reaching out to us. We'd like to help you out. Please meet us in DM to troubleshoot. https://t.co/GDrqU22YpT,2208871.0,15
2311847,2311845,Sun Nov 12 20:43:51 +0000 2017,why is @115858 @115948 charging me $12.99 a month when i'm a student and i signed up for $4.99 a month. i'm an unhappy customer.,"@670449 Thanks for contacting us, we're here for you. Please reach out to our iTunes Store team for assistance with your billing issue via this link: https://t.co/SDIe7UiyJN",,25
538719,538722,Sat Dec 02 14:22:22 +0000 2017,@AppleSupport I update my device as soon as the update comes. See I have seen which apps take up battery and I have no objection. My only objection is why does my phone turn off automatically at around 5-7%. And when I plug in it restarts.,"@244904 For our next steps, have you made sure to check all the steps here to make sure we're getting the most out of that battery: https://t.co/bivpdfBNJ6 Let us know in DM to continue. https://t.co/GDrqU22YpT",538718.0,46
2287424,2287422,Sun Nov 12 01:28:38 +0000 2017,Damnit @115858 why can’t you fix this. Update an app and it freezes when done like this. ALL THE TIME. Solution? Reboot phone! #pathetic https://t.co/XDvPz4EmxF,@664595 Let's look into this for you. Send us a DM with your current iOS version and we can get started.,,25
2105956,2105955,Wed Nov 08 04:26:13 +0000 2017,@AppleSupport (jk never android) but please fix it. Please,@250292 Here’s what you can do to work around the issue until it’s fixed in a future software update: https://t.co/xXaXeeSRt9,2105957.0,9
1905953,1905952,Wed Oct 25 07:58:53 +0000 2017,"@AppleSupport When using the personal hotspot, it's not possible to connect to a PPTP/L2TP vpn server since iOS11. Why??",@567934 We'd like to look into what you are seeing when you use that Personal Hotspot. Could you join us in DM and we'll get started? https://t.co/GDrqU22YpT,,19
622620,622619,Wed Nov 22 17:32:30 +0000 2017,@AppleSupport It was through the Apple Store App. She paid full price for an unlocked phone and didn’t go through her carrier at all.,@267778 Let's get you pointed in the right direction for help with your mom's order. Please DM us with the country where your mom is located. https://t.co/GDrqU22YpT,622621.0,24
794628,794627,Thu Oct 12 09:41:51 +0000 2017,Since the most recent update my iPhone 6 won't hold a charge nearly as long as it used to. Why @115858 ??,@309457 We'd like to look into your concerns. Reach out via DM and let us know what version of iOS you're using. https://t.co/GDrqU22YpT,,22
799357,799356,Mon Oct 16 16:29:51 +0000 2017,Nice update @AppleSupport now I can’t send video to an Android via text... #whathappened #thisisntnew #oldproblem #fixit,@310538 We'd be happy to look into this with you more in detail. Please reach out to us via DM and we'll get started. https://t.co/GDrqU22YpT,,17
2013183,2013182,Sun Nov 05 05:19:58 +0000 2017,@AppleSupport why is my phone this slow when I text and what is that stupid A?! https://t.co/RIRois3sOF,@595276 Thanks for reaching out. We have a workaround for this here: https://t.co/xXaXeeSRt9 DM us if you still need help. https://t.co/GDrqU22YpT,,17
2281705,2281703,Sat Nov 11 18:25:20 +0000 2017,@AppleSupport @115858 Not satisfied with iPhone 7 battery!! After replacing the battery still facing same problem! Please do the needful !,@663224 We're always glad to lend a hand. Could you let us know how long ago you had the battery replaced? Would you also let us know which version of iOS you have installed? You can find that at Settings &gt; General &gt; About.,,21
1867531,1867530,Fri Oct 20 20:19:40 +0000 2017,@AppleSupport why does my almost-new iPhone go from 100% charge to dead in less than 20 minutes? This is unacceptable.,@557885 We can help. Try following these steps and DM us what iPhone you are using if you still have issues: https://t.co/bivpdfBNJ6 https://t.co/GDrqU22YpT,,20
1708553,1708552,Tue Nov 07 00:07:37 +0000 2017,@115858 YOUR STUPID PHONE RANDOMLY ERASED EVERYTHING OUT OF MY PHONE WITHOUT RESTARTING OR ANYTHING. WTF. FUCKING HATE APPLE. 🖕🏼🖕🏼🖕🏼,@517735 We'd love to help you recover your data. Please send us a DM and we'll get going. https://t.co/GDrqU22YpT,,20
1850847,1850846,Wed Oct 18 22:07:57 +0000 2017,"@AppleSupport Also, when I use certain charger cables, my screen goes utterly bats***, typing and tapping by itself. Not cool, guys. Knock it off.",@554044 Thanks for keeping us updated. Which device are we working with today? Let us know in DM and we'll continue there. https://t.co/GDrqU22YpT,1850849.0,24
1710047,1710046,Tue Nov 07 00:41:12 +0000 2017,"Dear @115858 can you please fix this stupid glitch with the “I” key turning to a question mark? Sincerely, EVERYONE on planet earth.",@518102 Here’s what you can do to work around the issue until it’s fixed in a future software update: https://t.co/xXaXeeSRt9,,23
552185,552184,Sat Dec 02 14:40:23 +0000 2017,"@115858 eres una mierda hay problemas de reinicio con #iOS11 la versión 1.2 me fregaste mi día pendejos. Me dices actualiza, pero como mierda actualizo si se reinicia cada 30 segundos",@248730 We offer support via Twitter in English. Get help in Spanish here: https://t.co/IBIY3vMgPj or join https://t.co/OczyRx7IOs,,31
1549978,1549977,Tue Nov 07 14:14:27 +0000 2017,@AppleSupport will Apple be adding the podcast app to the watch soon? I️ had to return my watch when I learned th re was no podcast app.,@479739 We'd like to look into this with you. Send us a DM. https://t.co/GDrqU22YpT,,27
319972,319974,Thu Sep 21 17:09:23 +0000 2017,@AppleSupport I have never used iCloud to back up my phone ever and have never had this problem before upgrading OS’s.,@192269 Got it.  We received your DM and will continue with you there.,319971.0,21
2549881,2549883,Mon Oct 30 22:14:54 +0000 2017,@AppleSupport At least 20% in 10 minutes of use.,@724468 Thanks. We'll need to continue this in DM. Join us there. https://t.co/GDrqU22YpT,2549879.0,9
1217583,1217582,Wed Oct 25 11:39:58 +0000 2017,"@AppleSupport UGH, my battery like on iPhobe 6S is WORSE THAN EVER on 11.0.3. Drops 2% in 10 seconds while opening apps. We NEED a fix!",@405707 We can assist you. Please DM us via the following link and we'll help you further from there. https://t.co/GDrqU22YpT,,26
1106251,1106250,Sat Oct 14 01:09:57 +0000 2017,My pictures just disappeared but they are still in my iCloud how do i restore them back to my camera roll @AppleSupport,@381077 We'd like to help. DM us what iOS version you're on and we'll get started. https://t.co/GDrqU22YpT,,22
2434657,2434658,Sun Oct 29 15:07:22 +0000 2017,"@AppleSupport There’s no iTunes showing and I know I got an album last week, and I’m guessing my family member got another yesterday.","@364055 If you’re having a problem with viewing purchases, you’ll need to contact our iTunes Store Support: https://t.co/SDIe7UiyJN",2434656.0,23
2117141,2117140,Wed Nov 08 04:56:16 +0000 2017,@AppleSupport How do I remove my credit card and select the “None” option https://t.co/5vLnpdk3lz,@531278 We’re glad you reached out. Please meet us in DM so we can take a closer look at this with you. https://t.co/GDrqU22YpT,,14
1606765,1606767,Sun Nov 05 05:30:43 +0000 2017,"@AppleSupport It appears in every application, at seemingly random times, and everything in the App Store is up to date.",@335376 Thank you for letting us know when the message is occurring. We'd like to delve into this further. DM us the country you're in. https://t.co/GDrqU22YpT,1606764.0,20
1510540,1510539,Fri Nov 03 07:09:02 +0000 2017,"@AppleSupport The new Arabic font in iOS11 isn’t working with all browsers and apps , many of them are working with the old font , why ?????",@470600 We’re here to address your concerns. Let us know in DM which apps aren’t working as expected. https://t.co/GDrqU22YpT,,27
814915,814914,Thu Oct 12 20:01:04 +0000 2017,So...@115858 my iphone is plugged into the charger but somehow it’s dying...explain. https://t.co/T73jydfdsm,"@314068 We can happily help. Have you tried a different charger or wall outlet by chance? If not, give that a try for us.",,13
939769,939771,Sat Oct 21 15:40:00 +0000 2017,@AppleSupport How can I fix my phone screen in suadi ??,@172403 Let's check out the options. Meet up with us in DM and we'll see what's available. https://t.co/GDrqU22YpT,939768.0,11
1528765,1528764,Fri Nov 03 15:00:37 +0000 2017,"@AppleSupport how come iTunes says ""purchased"" on Taylor Swift's new song but it isn't appearing in music???",@284299 We're here to help. Let's make sure it's not hidden: https://t.co/jjLUETEY0J Do these steps help?,,17
2341879,2341878,Mon Nov 13 11:59:31 +0000 2017,How to fix gps error while drive car in my iphone x ? #iPhoneX  #iphoneXproblem @AppleSupport,@677401 We'll be happy to help. DM us and we'll get started. https://t.co/GDrqU22YpT,,16
581947,581946,Sun Dec 03 04:30:04 +0000 2017,High Sierra is probably Apple’s buggiest OS yet. At least one problem a day. @115858 needs to address this.,@257165 We'd love to work with you. Please DM us including what you're experiencing. https://t.co/GDrqU22YpT,,19
1920012,1920011,Wed Oct 18 14:17:51 +0000 2017,"@AppleSupport help with IOS11.0.3. Ipad pro,1st gen freezes very freq and needs to shut down, iphone 6 plus very slow and unresponsive. Solutions?","@571593 Hello. We know device performance is important. Send us a DM, and we'll take a look into  this. https://t.co/GDrqU22YpT",,23
2367837,2367838,Tue Nov 14 02:50:17 +0000 2017,@AppleSupport something else  I can not access applications  The screen stops when I try to type a PIN number for the screen,"@683394 Let us know whether this is occurring when it's on a charger, running on battery, or both in DM. We'll investigate further from there. https://t.co/GDrqU22YpT",2367836.0,22
2960122,2960121,Wed Nov 29 20:08:58 +0000 2017,@AppleSupport hi I purchased an Apple Watch on line nearly a week ago which you sent Sunday via @122232 which they have failed to deliver or tell me when it will be delivered an expensive purchase with no communication and no present on my wife’s birthday please help,@816976 For further assistance with you order we'd recommend reaching out to our experts here: https://t.co/8yjRd1Xo0i,,48
2374391,2374390,Tue Nov 14 01:39:27 +0000 2017,@115858 @AppleSupport my phones charging slow &amp; dying fast after this last update 😒,@684946 Thanks for reaching out to us. We're here to help with your charging issue. Are you using the Apple branded charging cord and adapter that came with your iPhone?,,14
1458816,1517819,Fri Nov 03 14:30:17 +0000 2017,"@115858 iphone 📱 is not as before. Not reliable as before and not as good. Freezes, WiFi and Bluetooth on randomly. WTF total BS",@472140 We want to help.  Send us a DM letting us know if you are updated to iOS 11.1. https://t.co/GDrqU22YpT,1458805.0,24
705440,705439,Fri Oct 06 02:16:20 +0000 2017,"@115858 ever since I updated my phone my camera, the sound on my phone has stopped working and I can’t make or receive phone calls🖕🏼",@288635 Let's work on your iPhone together. Meet up with us in DM to continue. https://t.co/GDrqU22YpT,,25
1612696,1612695,Sun Nov 26 03:46:08 +0000 2017,Hey @AppleSupport since ur iOS update #11.1.2 here’s what happened-Bluetooth disconnects  Maps aren’t syncing  Apple Watch disconnected lost my activity Flashlight doesn’t work WiFi doesn’t disconnect  My passwords are gone Uses wrong email for iCloud  Can’t lock screen on calls,@494860 That's definitely not the experience we want you to have. Let's look into this with you. Were you able to create a backup using iTunes or iCloud before updating? Let us know with a DM. https://t.co/GDrqU22YpT,,40
2688154,2688153,Sun Nov 19 06:11:10 +0000 2017,quit making my phone lag i’m too poor for the X @115858,"@755848 We'd like to take a look at what's happening with your iPhone to see how we can help. Send us a DM with what type of iPhone you're using, along with your current iOS version. We'll meet up with you there. https://t.co/GDrqU22YpT",,12
1983758,1983757,Tue Oct 31 19:13:08 +0000 2017,Anyone else blowing through their data since the latest @115858 OS update?,@587188 We're here to help. Are you using iOS 11.0.3? Have you changed any of your settings since the last update?,,12
2593016,2593015,Sun Nov 26 20:55:42 +0000 2017,@115858 you guys want to explain to me why your $30 chargers broke on me in the span a month??? #imgoingbacktoandroid https://t.co/ThbVkMN6lx,"@734339 Thanks for reaching out. Would you tell us a bit more about what happened? Also, tell us the country you're located in via DM. https://t.co/GDrqU22YpT",,22
2691832,2691831,Sun Nov 19 16:03:24 +0000 2017,@115858 What is wrong with you apple ? The only reason I invested in Apple eco system is because of the consistency it provides and the latest IOS 11.1.2 update has completely ruined performance on my 6s. #Disappointed 👎🙁,@756687 That's definitely not the experience we want you to have. We'll do everything we can to help. Reach out to us via DM with more details about what's happening on your iPhone. We'll continue working with you there. https://t.co/GDrqU22YpT,,39
1774697,1774696,Wed Nov 08 01:38:48 +0000 2017,@AppleSupport fix my keyboard what in the world is “ I️ “,@533332 Here’s what you can do to work around the issue until it’s fixed in a future software update: https://t.co/qODbOsp4wz,,12
1817840,1817839,Mon Oct 16 05:11:15 +0000 2017,Thanks for new update on my #iPhone 6 @115858 takes 3 hours to charge my phone and is dead in 1 hour. Everything is slow and non responsive,@546035 That's not the experience we want you to have. Let's move to DM and see what we can do. Use the button below to get started. https://t.co/GDrqU22YpT,,28
2186225,2186223,Thu Nov 09 16:35:48 +0000 2017,@AppleSupport didn’t solve my problem. let me get an iPhone X,@640247 We're here to help. DM us so we can look into this further with you. https://t.co/GDrqU22YpT,2186226.0,11
1458793,1458792,Fri Nov 03 19:49:45 +0000 2017,@AppleSupport Not sure how this works hope you get this.Do I need to make an appt at my local Apple Store to purchase the X or just show up,"@458606 Great question! No reservation is needed, however you may want to reach out to them to confirm it's still in stock.",,29
668551,668549,Thu Nov 23 04:06:49 +0000 2017,"@115858 @AppleSupport If you lose your iPhone and go to iCloud to try and locate it but the security says enter a passcode that's sent to your iPhone, how do you track the phone? 😱🧐","@279410 Thanks for reaching out. We'd like to help. Are you referring to your two-factor authentication code? Let us know in a DM, we'll continue there. https://t.co/GDrqU22YpT",,35
2442784,2442783,Tue Nov 14 23:42:39 +0000 2017,"@AppleSupport socorro meu IPhone tá ruim demais , muito mesmo lento e demorando pra executar os apps , print de tela !!","@700489 Since our Twitter support is available in English, get help at https://t.co/IBIY3vMgPj or join https://t.co/pvaOFfPbjt",,22
2485774,2485773,Wed Nov 15 13:57:08 +0000 2017,"I’m done with @115858’s iPhone, I would rather go back to a Nokia 3310 instead, at least the screen doesn’t crack from being DROPPED 1 INCH FROM THE FLOOR!!!",@710052 We can certainly look in to your options with you. Please DM us about your iPhone and we'll continue from there. https://t.co/GDrqU22YpT,,29
1372467,1372466,Tue Nov 07 20:15:14 +0000 2017,@AppleSupport Thank you but it does not. I’d like to share folder for files in iCloud Drive within my family. It looks like it’s not possible yet 😔,@439412 You're very welcome. We welcome and encourage your feedback through the following link: https://t.co/eTPVYVFyd8,1372468.0,28
1575146,1575145,Sat Nov 04 04:50:20 +0000 2017,Why TF my phone won't charge @115858,@485396 We're here to assist.  Reach out to us via DM and we'll get started. https://t.co/GDrqU22YpT,,7
2343828,2343826,Mon Nov 13 12:36:27 +0000 2017,@AppleSupport is there going to be a fix for the I️ bug? It’s morded twice on me already lol,"@677856 We recently released an iOS update, 11.1.1, that contains a fix for autocorrect issues. Let’s be sure to back up your device prior to updating. Follow the steps here: https://t.co/80YRnjDFDk",,19
2964126,2964128,Wed Nov 29 22:14:38 +0000 2017,"@AppleSupport I am signed into iCloud, I did nothing to my phone beforehand however it did restart itself shortly before I noticed all my photos were gone",@817849 We'd like to connect you with our Photos team who can assist you further. Click this link: https://t.co/IBIY3vMgPj Then select Apps &amp; Software &gt; iOS apps.,2964125.0,27
2281179,2281177,Sat Nov 11 18:00:20 +0000 2017,"@AppleSupport iPhone 7, newest iOS version, and iMessage! It only happens with semi-lengthy messages.","@663104 Thank you. Do you mind providing us the exact iOS version. This can be found under Settings &gt; General &gt; About? Also, this doesn't happen when you're sending sms messages (messages sent to non-iPhone users), correct?",2281181.0,14
2355844,2355843,Sun Nov 26 16:57:03 +0000 2017,Trying to download photos from iCloud. Agony. Buying an iPhone is honestly the worst decision I’ve ever made. @115858,"@680594 We'd love to help and turn this around for you. Certainly the opposite of what we want you to experience. Please DM us and let us know all about what's going on, including any issues you're seeing, or steps you've tried so far. https://t.co/GDrqU22YpT",,19
2614312,2614313,Sun Nov 19 03:29:57 +0000 2017,@AppleSupport We have been through this process 10 times!,@739041 Let's get you connected with an Account Security Specialist to look into this with you further. Please keep in mind that they may be able to do some general troubleshooting but aren't able to speed up the process. You can reach them here: https://t.co/UJm15vmMM2,2614311.0,9
852888,852886,Fri Oct 20 14:22:19 +0000 2017,@AppleSupport hi. I got this email from what claims to be Apple Security. Email address is dubious. Could be phishing. https://t.co/bdEXpwoGxj,@322606 That e-mail is not from Apple and appears to be a phishing attempt. Check out this link for more info: https://t.co/LNMCdqt6fD,,21
2966584,2966586,Wed Nov 29 23:08:34 +0000 2017,"@AppleSupport Yes indeed, and this had been working fine until today.   It’s when I try to authenticate to the iMac, the password (which I know is correct) is rejected, as is the ‘Apple ID’ option.","@818415 Next, let's try the troubleshooting steps here: https://t.co/W56Vbq5G4l Let us know in DM if you were able to resolve the issue. https://t.co/GDrqU22YpT",2966583.0,35
120632,120631,Thu Nov 23 23:09:25 +0000 2017,My phone restarted 3 times it was on 50% then 100% &amp; now its stuck on 1% I kept it on the charger for 4 hours &amp; its still 1% @AppleSupport,"@142817 We'd like to help out. If you disconnect from the charger does your iPhone immediately power off? Also, when you navigate to Settings &gt; Battery are you seeing a notice about service being needed? Let us know and we'll continue to assist.",,31
366019,366017,Sun Oct 08 18:28:30 +0000 2017,With this new OS update the failure rate for sending messages has increased. Enjoy the ability of missing messages @115858,"@202717 We can help. Restart your device and DM us which device you are using, if this continues. https://t.co/GDrqU22YpT",,20
2978720,2978719,Fri Nov 17 17:16:22 +0000 2017,"Dear @115858,  Your update(s) have caused poor Bluetooth connectivity and now my car USB doesn’t recognize my iPhone. The “new iPhone released now make the old one not work” business model is getting old.   Thanks.","@821514 If you're running into issues with the Bluetooth on your iPhone, we'd like to help you out. Please meet us in DM, with the exact issue(s) you're experiencing. Also, please let us know what version of the iOS software you currently have installed. https://t.co/GDrqU22YpT",,35
996644,996643,Fri Nov 10 08:51:12 +0000 2017,@115858 in my iphone 6s having problem autometicaly network setting off and showing no service,@355999 We'd be happy to assist with your iPhone today. We got your DM and will be able to follow up there. https://t.co/GDrqU22YpT,996645.0,15
2562325,2562323,Thu Nov 16 16:54:50 +0000 2017,@AppleSupport I have an issue with my FaceTime Live Photos,@448430 We'd like to hear more about what's going on. What happens when you try to take a FaceTime Photo?,,10
1400540,1400541,Sat Nov 25 22:37:16 +0000 2017,@AppleSupport No third party RAM. Home network with no security hardware -- just the usual firewall at the router and on the machine. Nothing unordinary.,"@445645 The only other step we'd want to take from here, to fully rule out any odd network issues would be to try downloading that install file on a different network and then install from that file. If that doesn't help, let us know in DM and we'll work from there. https://t.co/GDrqU22YpT",1400539.0,25
2852326,2853868,Mon Nov 27 20:13:02 +0000 2017,@793024 @115858 I’ve had the exact same issues since the update too. I’m switching to Samsung my next upgrade too but mostly because I refuse to pay the ridiculous prices for a new iPhone.,@763262 We'd be happy to address any issues you're having. Please feel free to DM us. https://t.co/GDrqU22YpT,2852325.0,34
1772924,1772922,Tue Nov 07 23:43:19 +0000 2017,"Dear @115858,  When are the keyboard malfunctions going to be fixed on the iPhones?!?",@532856 Here’s what you can do to work around the issue until it’s fixed in a future software update: https://t.co/xXaXeeSRt9,,14
2984922,2984921,Tue Nov 21 00:16:00 +0000 2017,HEY APPLE (@AppleSupport) your autocorrect features are still incredibly effed up PLEASE FIX THIS,"@823082  Hello. Thanks for reaching out to us here. We want to ensure you have the best experience possible when using our system keyboard. Can you let us know if you are still seeing the same issue? If so, is this when sending messages? Send us a DM. https://t.co/GDrqU22YpT",,14
2747261,2747260,Mon Nov 20 22:52:19 +0000 2017,@115858's #HighSierra seems to break a lot of software. This 'free upgrade' is gonna cost me nearly $1000 + time,@769276 We'd be happy to help with any issues you're having. Could you please send us a DM with some details about what you're experiencing? https://t.co/GDrqU22YpT,,20
245332,657070,Thu Oct 05 13:00:05 +0000 2017,@116333 Presently apple product and service are bad. My macbook air gone faulty in 3 months. Repaired in 3 months. Lasted 6 months. Now not working.,@276385 We'd like to see how we can help with your Mac. Please DM us more details and we'll go from there. https://t.co/GDrqU22YpT,245324.0,26
2408563,2408565,Tue Nov 14 16:30:55 +0000 2017,"@AppleSupport No. It is just happening. I just left @30973 and turned off WiFi to save battery. I got home and now it is on and connected to my home WiFi. That is handy. But, i would prefer to control it.",@692582 Are you turning Wi-Fi off from the control center or are you navigating to Settings &gt; Wi-Fi?,2408562.0,41
2950934,2950933,Wed Nov 29 17:21:03 +0000 2017,"You this tweet ugly as hell 🤦🏾‍♀️@115858 fix this Mann, I️m try to tweet some sentimental shit and all I️m seeing is “crooked letter crooked letter” 😒","@814882 Thanks for reaching out! Have you updated to iOS 11.1.2 yet? If not, give that a try and reach out to us in DM if that persists afterwards. This will help to guide you through a backup and update: https://t.co/80YRnjDFDk",2950935.0,27
2043319,2043318,Wed Oct 04 15:17:51 +0000 2017,@382777 @AppleSupport My battery is going quickly too!! What did they say? x,"@604243 We're happy to take a look at your battery with you as well. Let us know via DM which device you have, then we can go from there. https://t.co/GDrqU22YpT",2043320.0,13
2291596,2291595,Sun Nov 26 15:04:37 +0000 2017,"@AppleSupport I want to back up my Iphone through Itunes but it is encrypted although that I didn’t put a password, I tried a lot of passwords but it didn’t work, what can I do?",@665541 Thanks for reaching out. Take a look at this article for more info regarding iTunes encrypted backups: https://t.co/s6tdVStcb2  Meet us in DM if you need further assistance https://t.co/GDrqU22YpT,,35
432379,432380,Tue Oct 10 16:36:27 +0000 2017,"@AppleSupport 6s and the apps open slow as hell, and it’s freezing constantly! Y’all messed up a good thing!","@217835 Please join us in DM to get started, and let us know when you installed the most recent update.",432378.0,19
752180,752178,Sat Oct 07 00:46:57 +0000 2017,@116333 @115858 are you guys kidding me? It has already been two updates within 3 weeks and we still have cellular data problem,@299763 What's going on with your cell data? We may have some troubleshooting steps that can help.,,23
2018777,2018776,Sat Nov 04 18:32:33 +0000 2017,@AppleSupport what can I do to stop my Apple Watch from draining the battery fast.,@162091 Check this link for tips to get the most of your watch battery life: https://t.co/yARwjq5zwo Questions? Let us know. Enjoy! https://t.co/GDrqU22YpT,,15
1300695,1300693,Thu Oct 26 23:14:35 +0000 2017,#icloud @applesupport you guys need to fuckin chill... I KNOW. https://t.co/ALWzhdITBU,@423991 We have a great resource that can help you manage your iCloud storage. Take a look: https://t.co/7vNd2QSlX0,,11
35344,35342,Wed Nov 01 10:05:33 +0000 2017,"Dear @AppleSupport I have an iPhone 7 &amp; iTunes, both genuine. So why do I always get this message when I sync? Hope you can help. Thanks. https://t.co/QgJ14liJDw","@123704 We're happy to help out with your sync issues. To get started, let us know which version of Windows and iTunes you have installed.",,28
2983596,2983595,Tue Oct 31 20:57:51 +0000 2017,my phone was stolen &amp; this picture showed up on my icloud @AppleSupport https://t.co/WF80BahmjF,@219948 We are here to help. Please refer to the following article for steps to take when your iPhone stolen: https://t.co/fUoKdx4Yut,,14
2267298,2267297,Thu Oct 19 18:01:11 +0000 2017,@AppleSupport but being told that ur perfectly working $2k laptop is just a piece of junk now cuz of a piece paper is a bit dumb,@659897 We want to get to the bottom of this. Would you tell us more about what happened via DM? https://t.co/GDrqU22YpT,2267299.0,26
2367827,2367825,Mon Nov 13 22:52:31 +0000 2017,I can’t close apps out while im on the phone @AppleSupport #iphoneX,@206037 Congrats on your iPhone X! We're happy to help with your app management. The process to close an app on iPhone differs from prior models. Take a look at step 1 &amp; 3 in the following article to close your apps: https://t.co/RqqIctrDWV  DM us if you need more help. https://t.co/GDrqU22YpT,,12
2915976,2915975,Tue Nov 28 23:05:45 +0000 2017,"BTW my girlfriend has a 12"" Macbook that just decided to not turn on again. 30sec power button doesn't work. SMC reset doesn't work. Anyone seen this before? Cc @AppleSupport","@807127 We know how important it is for her to have her Mac working. Let’s see what’s going on. First, let’s have you check out this article here: https://t.co/RqWW0duJ0U  DM us if you still continue to have issues. https://t.co/GDrqU22YpT",,30
2360304,2360302,Mon Nov 13 20:16:13 +0000 2017,"@AppleSupport MacBook won’t load up since update. Brings up the logo, then text appears over it then it restarts itself and stops at the same point each time?","@681629 We want to help you. DM us, and let us know what the text says. We'll look into this. https://t.co/GDrqU22YpT",,28
248187,248185,Thu Oct 05 15:32:35 +0000 2017,@AppleSupport Gotcha. Series 2 is acting weird since WatchOS 4.0 update so was hoping that would apply to it as well.,@173566 Tell us more about what you're noticing with your Watch. We'd be happy to check it out. You can DM us. https://t.co/GDrqU22YpT,248188.0,21
2050438,2050437,Thu Oct 05 17:59:36 +0000 2017,Error 11.0.2. @115858 @AppleSupport 🙄 https://t.co/MoCPK35a2y,@606368  We'd like to gather some more information for better troubleshooting. Can you DM us the country you are located in? https://t.co/nYknMGviju,,6
297995,736445,Fri Oct 06 17:47:51 +0000 2017,@179986 @115858 my twitter app never crashed at all ! &amp; now i cant even open it without it actin dumb 😒,@186989 Let's work on it together. Start with these instructions and let us know how it goes: https://t.co/fUZ0NRrVNN,297993.0,22
2410119,2410118,Sun Nov 26 17:50:22 +0000 2017,@AppleSupport saludos y buen día al hacer respaldo en ICloud de guarda también Whatsapp? Tengo problema con equipo https://t.co/XiZZnHJ6n7,@692946 We offer support via Twitter in English. Get help in Spanish here: https://t.co/IBIY3vMgPj or join https://t.co/OczyRx7IOs,,19
1770056,1770057,Wed Nov 08 07:21:48 +0000 2017,"@AppleSupport Every app, couldn’t set an alarm, couldn’t use safari, Facebook, twitter, anything",@532143 Let's meet in Direct Message to continue. https://t.co/GDrqU22YpT,1770055.0,13
2271645,2271647,Mon Nov 20 21:01:26 +0000 2017,"@AppleSupport It says “no internet connection” there are also other faults and glitches with the phone, it freezes on apps , turns off randomly etc","@660894 Understood. We can definitely take assist you with all the behaviors you’re noticing. To help determine the best starting point, can you tell us which iOS version your iPhone on currently? This info can be found in Settings &gt; General &gt; About.",2271644.0,25
1138406,1138408,Wed Nov 01 23:31:50 +0000 2017,@AppleSupport Double tapping the home button/ changing apps in general. Opening apps,@388145 Got it. Are all of your apps updated to their latest versions?,1138405.0,12
2139937,2139939,Wed Nov 08 22:24:30 +0000 2017,@AppleSupport It’s my iPhone X test it’s on 11.1. Only started happening today &amp; only when it’s connected to WiFi,@629338 Any steps tried since this started? Any issues browsing in Safari and do you have this same issue using cellular?,2139936.0,20
2619848,2619849,Tue Nov 21 14:47:52 +0000 2017,"@AppleSupport If i return new product , iphone , you refund full money , or what ?",@242309 Let's get you over to our Sales Support team who can help answer any questions you have about returning your iPhone. They'll be the best ones to look into your available options. Just follow this link to get to them: https://t.co/8yjRd1Xo0i,2619847.0,17
1362554,1362552,Fri Oct 27 18:54:29 +0000 2017,@AppleSupport And the status website says it can’t process my request when I try to put the number in.,@437257 Apple Online Store Support is the best place for help with your recent order. You can reach them here: https://t.co/8yjRd1Xo0i,,19
2363162,2363160,Mon Nov 13 21:03:03 +0000 2017,@AppleSupport Hi. I’ve purchased additional iCloud storage but my storage limit hasn’t been upgraded. Looks like I’ve requested it twice according to my bank statement. How long should I have to wait?,@682311  Hello there. Thanks for utilizing our iCloud Storage features. You may need to refresh the account on your device. Do you have only one or several Apple computing products?,,32
2360306,2360305,Mon Nov 13 20:13:56 +0000 2017,@115858 when y’all gone fix this shit,@462130 We'd love to help. Are you still having an issue with being able to see emojis that are being sent from other people?,,7
682083,682082,Wed Nov 08 03:59:28 +0000 2017,@AppleSupport how am I supposed to set up my phone when it doesn’t think I have internet and I don’t have the option to skip? #iphonex https://t.co/ZB3VHwhVzR,@282786 We understand how important it is to keep your device up to date. Let's try these steps: https://t.co/Ui1yTnOCUz,,27
678680,678678,Thu Oct 05 15:54:08 +0000 2017,@AppleSupport looks like someone in support should be able to reset Apple ID #6 weeks still waiting,@281930 Did you request Account Recovery for your Apple ID? Check out this link to learn how to check the status: https://t.co/nXAGZjifvF,,17
1470122,1470121,Thu Nov 02 20:34:45 +0000 2017,@AppleSupport Having trouble with an iPhone ringtone I got from the iTunes Store. Who do I talk with for help? Thanks!,@461227 What kind of issue are you having? Let us know so we can help.,,21
686862,686861,Thu Nov 23 05:12:40 +0000 2017,"I can’t update nor download any apps and I’ve signed out and back in the App Store, Apple ID allat . @AppleSupport",@284004 We'd like to help. Let's take this to DM and we'll explore ways to provide you assistance. https://t.co/GDrqU22YpT,,22
1900949,1900948,Tue Oct 24 00:51:44 +0000 2017,@AppleSupport your new update screwed up SPEAKER 🔊 on calls. It never works 😡,@566503 Let's see what we can do about your speaker issue. Send us a DM with your exact iOS version to get started. https://t.co/GDrqU22YpT,,14
646898,646897,Wed Nov 22 18:00:31 +0000 2017,@AppleSupport yikes after downloading new software to my phone 6s gyroscope not working landscape and portrait all screwed up,@273650 We know how important it is to have your device working as expected. We'd be happy to look into this with you. Can you provide us details of what you're experiencing?,,19
271601,271600,Fri Oct 06 01:35:36 +0000 2017,@AppleSupport IOS 11 is draining out my IPhone 7 battery! Are you doing something about it? Too many malfunctions!,"@180814 Hey Jaime, we received your DM. Be on the lookout for a response shortly.",,19
1921715,1921714,Fri Oct 27 01:36:54 +0000 2017,@54685 @115858 It’s totally draining my battery too I hate that I updated it 😓,@572078 We're here to help. Which version of iOS 11 is installed on your device? Tell us more about what's going on in DM. https://t.co/GDrqU22YpT,1921716.0,15
2923627,2923626,Wed Nov 29 02:22:54 +0000 2017,@115858 @116602 Holding Touch ID shouldn’t submit payment. You can accidentally submit since Touch ID is also Home. It should just enable it and show a “”confirm” button. https://t.co/hHxwmaopqm,"@809038 We appreciate you reaching out.  So we can discuss this further, feel free to send us a DM and we'll go from there. https://t.co/GDrqU22YpT",,29
282856,282854,Fri Oct 06 03:38:14 +0000 2017,@AppleSupport @183389 Is this a new feature in iOS 11 or some kind of phishing scam? https://t.co/gNuKuaBnXw,@183388 The warning is there to indicate that the site could potentially be a phishing scam. For more on phishing: https://t.co/LNMCdqt6fD,,17
542491,542490,Sat Dec 02 07:14:49 +0000 2017,Why did my @24754 run out battery very fast after updated version? Anyone can help? @115858,@245920 We'd definitely like to help you with the battery issue you're experiencing with your iPhone. What is the exact version of iOS you're using on your iPhone? Let us know in DM. https://t.co/GDrqU22YpT,,16
620090,620089,Wed Nov 22 16:41:50 +0000 2017,@AppleSupport again i restored my iPhone through iTunes and now its downloading my backup from iCloud (( taking very very very long time )) but really i would like to know when will the new update that will fix that problem once and for all will be released ??,"@267174 If it persists, we'd want to restore and set the device up as new. This way we can determine if it's something in the backup causing the issue.",620091.0,49
995555,995554,Sun Oct 22 14:44:40 +0000 2017,@115858 iPhone 6S battery is terrible! I’m done with it. Can’t even go out a full day without it depleting. Will be getting an android next..,"@355816 We'd be happy to look into this with you!  To begin, feel free to DM us what country you're located in: https://t.co/GDrqU22YpT",,26
2756149,2756151,Tue Nov 21 02:19:48 +0000 2017,"@AppleSupport Constant Crackling/static sound from speakers, randomly goes black for about 5 seconds multiple times a day and the volume adjust itself. iPhone 7+",@245430 We're happy to assist. Which iOS version are you currently running? Go to Settings &gt; General &gt; About for the version.,2756148.0,24
1404075,1404073,Sat Oct 28 17:33:11 +0000 2017,@AppleSupport some glitches with this latest update 😩 “Bluetooth is already on” is one of them,@446430 Let's work on this Bluetooth issue. Does this happen when you try to turn on Bluetooth from the Control center or Settings?,,16
550737,550735,Sat Dec 02 13:40:36 +0000 2017,@AppleSupport HOW I FIX THIS??? Everytime time I go to any app in a few seconds appears the Spinning Wheel. I have an Iphone6. https://t.co/YIveAtP94D,@248300 We'd be happy to look into this with you. This article should help you out: https://t.co/osZOKKTalm Run through those steps and send us a DM if they don't help. We'll be here for you. https://t.co/GDrqU22YpT,,25
2025411,2025409,Mon Nov 06 12:44:07 +0000 2017,Hey @AppleSupport. Why does the screen appears like this after every call? Is it a software or hardware issue? https://t.co/Ue7AdWyqaY,@598965 We'd be happy to look into why this is happening. Please DM us which iOS version you're on and we'll help there. https://t.co/GDrqU22YpT,,20
1650054,1650053,Sun Nov 05 20:40:31 +0000 2017,"@115858 #iOS11 has a ton of issues, please fix them.Battery drain issue is very apparent.My #iphone6 has gotten pretty bad with your new #iOS",@503996 We're here to help. DM us what iOS 11 version you're on. https://t.co/GDrqU22YpT,,24
1006709,1006707,Sat Oct 14 07:46:13 +0000 2017,@115858 #ios11 WTF ! 6 min of photos drains quite the same as 20 min of maps with GPS on ! https://t.co/QmzA8YC5Lm,@358222 Let's look into this together. Could you tell us which iPhone and iOS version you're using?,,22
2267245,2267247,Thu Oct 19 18:32:55 +0000 2017,"@AppleSupport It stays like that, track 4, and never loads. No error message and Music skips it when attempted to play. https://t.co/VCbAfXRkvG",@659888 OK. Is it only track 4 that is having this issue? Does this track play fine in iTunes?,2267244.0,22
2693961,2693959,Sun Nov 19 17:04:30 +0000 2017,"@AppleSupport having problems with iOS 11 Cover Sheet on iPhone X... Randomly it’s completely blank, no notifications, lock, or login options. Reqs reboot. Want a video of it?","@757153 Let's look into this together.  To start, can you tell us what iOS version you're currently on?  Also, when did you first notice this behavior?",,28
336225,336224,Sat Oct 07 19:41:13 +0000 2017,@AppleSupport I keep being told my billing information is incorrect but I’m not trying to pay for anything just update apps,@196207 We want to help get things working smoothly for you. Send us a DM and we'll continue from there. https://t.co/GDrqU22YpT,,21
1857346,1857345,Thu Oct 19 06:34:01 +0000 2017,@AppleSupport Whats wrong with iphone6 OS 11.0.3? Typing one word takes 10 seconds including 5 waiting for something to happen!!! https://t.co/m5WfogM6sF,@555439 We’re glad you reached out. We’d be happy to help! Let us know if the issue happens in all apps or just this one in DM to proceed. https://t.co/GDrqU22YpT,,21
1888243,1888242,Mon Oct 23 14:38:11 +0000 2017,Hey @115858 my #iphone now dies in 15 minutes from a full charge and I have 37GB left. Getting ready to leave forever. Need a fix for this,@563125 Thank you for reaching out to us. We want to look into this. Please DM us the iOS your device is running on. https://t.co/GDrqU22YpT,,28
1862253,1862252,Thu Oct 19 17:59:59 +0000 2017,So it turns out you can have anything but Apple e-mail address for Apple ID according to @AppleSupport … What a mess,@556539 We'd like to help with any issues you're experiencing. DM us a bit more detail about what's going on and we'll go from there. https://t.co/GDrqU22YpT,,22
1714645,1714647,Tue Oct 17 18:12:52 +0000 2017,@AppleSupport Tbh I haven’t been out so I haven’t connected to any other wifi. But I’m with Virgin rn :),"@519301 If we can, let's test another Wi-Fi network.",1714644.0,20
898662,898660,Tue Nov 07 23:58:27 +0000 2017,"@AppleSupport Thx. Last question - when I charge the case, is it ok to charge the case with the AirPods in the case? Or should they be out?",@221354 That's a great question. You can charge the case while the AirPods are stored within it.,898664.0,28
493582,493579,Fri Dec 01 16:25:53 +0000 2017,@232672 @AppleSupport 30% battery consumption in approx one hour usage :’(,"@232670 Having your iPhone working great is expected and we're happy to look into your battery concerns, Please DM us your model iPhone and the iOS version installed. This is located in Settings &gt; General &gt; About.",493585.0,11
859763,859762,Fri Oct 13 01:45:40 +0000 2017,Qué pasa con iCloud Drive? Los archivos no cargan por un “error desconocido” @115858,@313545 We offer support via Twitter in English. Get help in Spanish here: https://t.co/IBIY3vMgPj or join https://t.co/OczyRx7IOs,,14
2806682,2806681,Wed Nov 22 03:41:42 +0000 2017,@AppleSupport i can use my card anywhere and it'll be fine but for some reason i can't update my apps because my card keeps being declined. why????,@782795 Our iTunes Store Team can help check into that card issue with you. You can reach them here to get started on that:  https://t.co/SDIe7UA9Bl,,27
1470030,1470029,Thu Nov 02 23:13:25 +0000 2017,@AppleSupport It will change “I” into A question mark https://t.co/wSJ4AwRT6P,@461200 Let's work on that together via DM. Follow us there using the link below: https://t.co/GDrqU22YpT,1470031.0,10
2077698,2077697,Mon Oct 09 07:47:09 +0000 2017,@AppleSupport https://t.co/ejso8H5EMg,"@614481 Hey, we can work together to get your iPhone back up and running smoothly. DM us the exact iOS version and we'll go from there. https://t.co/GDrqU22YpT",,2
1016880,1016879,Sat Oct 14 14:47:45 +0000 2017,"@AppleSupport When I write it lags on every app, the battery life is very low, when in Apple car play Siri works 1/2 and sometimes apps crash at launch",@360598 We'll be happy to assist. Let's dig in further via DM. Join us there and we'll continue there. https://t.co/GDrqU22YpT,1016881.0,29
235274,235273,Thu Oct 05 07:01:07 +0000 2017,I’ve been up for 15 minuets and my iPhone battery is already on 80% !!! USELESS @AppleSupport,@172027 We are here to help. DM us which iOS version you are using and we can take a look at this for you. https://t.co/GDrqU22YpT,,17
2502105,2502103,Wed Nov 15 19:29:40 +0000 2017,"@AppleSupport  Hello, I need urgent help, I accidentally deleted a voice recording on my iPhone. How can I recover it?","@713692 We'll be happy to take a look at this with you. To start, was the voice recording made in the Voice Memos app? Also, do you know if you have a recent backup from prior to deleting the recording? This resource can help: https://t.co/vU7gSUiOfd",,20
928055,928056,Sat Oct 14 03:00:56 +0000 2017,@AppleSupport Most of my albums recently when I’ve purchased it and nope not at all,@340199 Please send us a DM and we'll look into this more with you. https://t.co/GDrqU22YpT,928054.0,15
2480649,2480650,Sun Oct 29 22:10:58 +0000 2017,@AppleSupport Especially on a phone that I purchased from your store no more than 2 months prior.,@708825 We want to help! DM us and let us know more about the issues you are having. https://t.co/GDrqU22YpT,2480647.0,17
631796,631795,Wed Nov 22 15:51:50 +0000 2017,@AppleSupport think you need to seriously consider who you hire since this is the third time i’ve been sent away with the same damaged phone having to charge it 6 times a day when i pay £60 a month 👍🏼,@269728 Let's look into that. Send us a DM and we'll go from there. https://t.co/GDrqU22YpT,,40
2295244,2295243,Sat Nov 11 23:07:51 +0000 2017,@115858 @917 so which one of u do i have to talk to abt why my battery goes from 81% to 51% just opening snapchat,@306102 How long has this been happening? Does this only happen when working with this App?,,25
588151,588152,Sun Dec 03 17:53:11 +0000 2017,@AppleSupport I changed it when first told me the password was wrong.,@134431 Are you able to sign in with the new password from other devices?,588150.0,12
1469332,1469331,Thu Nov 02 20:16:14 +0000 2017,@AppleSupport I have an iMac and the App Store and Safari will not load. Firefox does load. Could you help me or point me to someone?,"@461033 We're happy to help. What do you see when trying to access the App Store and Safari? Also, have you tried restarting?",,26
561747,561749,Sat Dec 02 23:26:58 +0000 2017,@AppleSupport No this is not showing! I also have nearly all notifications off on all apps so if doesn’t need to be refreshed continuously but still not helping! 😩,@251452 Thanks for checking! Send us a DM. We'll continue to work with you from there. https://t.co/GDrqU22YpT,561746.0,29
1960683,1960682,Mon Oct 30 22:27:51 +0000 2017,@AppleSupport @115858 how do I download all the photos from the icloud at once? There is no select all option.,@581539 Hey there. Are you downloading photos from https://t.co/coj9FJKJWV? Join us in DM for further assistance. https://t.co/GDrqU22YpT,,20
2500889,2500888,Wed Nov 15 19:13:57 +0000 2017,"Overall, #iPhoneX favorite device yet. But the “iCloud Music library couldn’t be enabled” error making @115948 not work is making me crazy @AppleSupport https://t.co/LnuOmeAi8Y",@713429 We'd like to help get Apple Music working as you expect. Meet us in DM and we'll jump in. https://t.co/GDrqU22YpT,,24
484515,484514,Fri Dec 01 09:09:04 +0000 2017,"Charging #iphone over night   Sent few texts , a phone call , 10min browsing and battery is almost 50%!drained.    I think it's time I said goodbye to  @115858 😔 https://t.co/DFHH08FNaV",@230297 We understand how important a good battery life is. We can definitely look into this with you. Send us a DM and we'll take it from there. https://t.co/GDrqU22YpT,,30
509513,545155,Sat Dec 02 09:59:08 +0000 2017,@AppleSupport Did you fix the problem that we have in our iPhone when we update our iPhone it stuck on the Apple logo this problem are only in the Gcc country? and until now I'm afraid update my iPhone,"@246707 We can help with this. Are you encountering this issue on your own iPhone? If so, what model iPhone are you using?  Let us know in DM, and we'll take it from there. https://t.co/GDrqU22YpT",509487.0,39
92846,2817196,Mon Nov 27 03:56:52 +0000 2017,"@AppleSupport why this always happen? Pls fix it, always need to restart my iPhone to get it back working https://t.co/Jhoj8UqOFD",@615723 We see the blank view on the Camera app. Does this happen with both the front and rear cameras? Send us a DM: https://t.co/GDrqU22YpT,92818.0,20
396062,396061,Mon Oct 09 17:16:53 +0000 2017,Not impressed with  iOS 11.0.1 @115858... and now dreading to download the 11.0.2. How’s it working for You?? #Apple #ios11update #ios1102,"@209771 We do advise backing up your data and updating. Rest assured, we're happy to help with any questions or issues you may have.",,21
2291640,2291638,Sun Nov 26 14:42:52 +0000 2017,@AppleSupport I sent a friend an e gift card. How can she use it for in game purchases? Like extra tries and stuff,@119569 They should be able to use it immediately after it's been redeemed. Are they having an issue with applying it to their account?,,23
1414565,1414564,Thu Nov 02 01:24:30 +0000 2017,Hey @115858 why does your new podcast ap keep unsubscribing me from podcasts?!? #dislike,@448736 We're here to help. Please meet us in DM and we'll take a further look at this with you. https://t.co/GDrqU22YpT,,14
2910492,2910494,Tue Nov 28 21:26:47 +0000 2017,"@AppleSupport Yes, I can sign in elsewhere.",@161848 Thanks for letting us know. Let's take a closer look at this together in DM. https://t.co/GDrqU22YpT,2910491.0,7
2692850,2692849,Sun Nov 19 16:24:59 +0000 2017,"@AppleSupport I updated iOS 11.1.2 in my IPhone 6s and my battery is not working well, I already tried maximizing performance what can I do?",@756921 We know how essential battery life is to having your iPhone powered when you need it most. We'll be happy to work with you to get to the bottom of this. Can you DM us how long your iPhone is typically lasting on a full charge? https://t.co/GDrqU22YpT,,25
1931145,1931144,Sat Oct 28 13:52:06 +0000 2017,@AppleSupport I hear there is some sort of battery diag you can activate in settings,@574657 Thanks for reaching out to us. Can you DM us the issue that you are having? That way we can better assist you. https://t.co/GDrqU22YpT,,15
320901,320903,Sat Oct 07 20:29:09 +0000 2017,"@AppleSupport Yeah tks, I posted a feedback since I’m in beta program, ios 11.1 crops the screen like the image on every call (carrier/voip)",@192451 We really appreciate you letting us know about this issue you are having. DM us if you have any other questions or concerns: https://t.co/GDrqU22YpT,320900.0,24
2441871,2441869,Tue Nov 14 23:02:28 +0000 2017,Anyone else’s phone freezing up or not able to open up apps since the most recent #iOS11 update @AppleSupport,"@700272 Hey, there. We'd like to learn some more details on what's going on with your iPhone so that we can help. When the iPhone becomes unresponsive, does it become responsive again on its own after some time? Also, can you tell us the exact iOS version?",,19
2576920,2576918,Sat Nov 04 11:19:36 +0000 2017,"@AppleSupport once again my phone is dropping battery without being used and also very hot, please advise.",@730676 We're glad to look into this with you. Please DM us. Let us know which version of iOS you're using &amp; any steps you've tried. https://t.co/GDrqU22YpT,,17
1582144,1582146,Sat Nov 04 20:25:34 +0000 2017,"@AppleSupport I’d be happy to. Every time I open my messages, it goes black and goes straight to the main screen. Ive tried to reset my phone multiple times, but it doesn’t help. I think it happened when I adjust the apps at the bottom of my messages cause thats when I wasnt able to go back",@487003 Thank you for providing us with these details. We'd like to look into this further. Let's  continue in DM. https://t.co/GDrqU22YpT,1582142.0,57
1898062,1898061,Wed Oct 18 05:31:32 +0000 2017,@AppleSupport battery is draining TOO FAST. Charging is TOO SLOW. Reboots my phone almost 24/7ever since the update&amp; my camera is black,@565694 Send us a DM and let us know what version of iOS you're running. We're happy to help. https://t.co/GDrqU22YpT,,22
1907052,1907051,Wed Oct 25 15:07:51 +0000 2017,@568205 @115858 yes ! and when i charge it .. it last for no more than 10 minutes then back to square one,"@568204 We want your iPhone to function the way you expect it to, and we’ll be glad to help. To start, DM us the iOS version it’s on. https://t.co/GDrqU22YpT",1907053.0,23
2028921,2028919,Sun Nov 05 20:13:20 +0000 2017,@599990 @115858 I’ve done everything apart from throwing it against the wall mate 😐,@599989 Let’s work together on this situation. How long has this been happening? Let us know via a DM. We’ll go from there. https://t.co/GDrqU22YpT,2028922.0,14
593596,593595,Sun Dec 03 16:42:51 +0000 2017,"Hi @115858 @AppleSupport, cancel iOS 11. Roll back iOS 10. Really, my battery is draining like crazy.",@260555 What version of iOS 11 are you running? Find that in Settings &gt; General &gt; About. Let us know and we'll do everything we can to help.,,17
1546733,1546734,Sun Nov 12 19:00:18 +0000 2017,"@AppleSupport No it freezes, I press the off button and then after around 30’s it goes black then goes back to the home screen","@478952 Let's rule out any compatibility issues that could cause this, be sure all your apps are updated in the App Store by going to 'Updates.' You mentioned being on iOS 11, we've released a few versions. What is the exact version you have? https://t.co/ZTw54HL4Rm",1546732.0,24
983020,983019,Sun Oct 22 09:21:04 +0000 2017,"Sinds dat nieuwe iOS valt 4G telkens uit. En traag heel traag. En nummerherkenning weigert. Wat te doen, @AppleSupport",@353056 We offer support via Twitter in English. Contact us for help in your preferred language here: https://t.co/IBIY3vMgPj,,19
2685398,2685397,Tue Oct 31 16:43:28 +0000 2017,@AppleSupport i need help deleting my second apple id somi can use that email for my main apple id please help,@755226 We're here to help. Let's get you connected to one of our Account Security team. Click here: https://t.co/UJm15vmMM2,,21
1968115,1968114,Tue Oct 31 14:06:54 +0000 2017,Hi @AppleSupport this is a bug right? https://t.co/xkWbxw1uOk,"@583171 Hey there. Let's look into this together. DM us the device you're experiencing this on, and the iOS version it's running. https://t.co/GDrqU22YpT",,8
1650123,1650122,Sun Nov 05 20:32:32 +0000 2017,I️ I️ I️ I️ I️ I️   Tired of this bs bro @AppleSupport,@504023 Here’s what you can do to work around the issue until it’s fixed in a future software update: https://t.co/xXaXeeSRt9,,12
2690759,2690757,Sun Nov 19 15:39:19 +0000 2017,@AppleSupport  any idea why my wifi keeps diconnecting? also the volume up/down buttons doesnt work when talking on messenger...,"@756440 We're happy to help. To start, what version of iOS are you currently running? Find that in Settings &gt; General &gt; About. Also, are all Apps up to date in the App Store?",,19
2281136,2281135,Sat Nov 11 18:13:09 +0000 2017,"@AppleSupport Hi yes it's working again now it's back on wifi it seems my account discounts and I can re login when I'm not on wifi, this isn't too much of an issue if I'm honest as long as I can download songs",@542621 We think the issue may be in the speed of the 4G network. We want to make sure that you can enjoy Apple Music whenever you like. We should check to make sure that Cellular Data is turned on in the Apple Music Settings.,2281137.0,43
2347626,2347625,Mon Nov 13 15:23:28 +0000 2017,"@AppleSupport Just want my battery life back, 1+2+3 to equal 6 and Bluetooth to not turn on every time I turn my phone on  6plus updated to 11.1.1",@678697 We'd love to look into these issues with you. Please get in touch with us in DM. https://t.co/GDrqU22YpT,,28
2069064,2069063,Sun Oct 08 16:29:54 +0000 2017,Don’t like how the battery drains on my #iPhone7Plus after the #ios11update Do something about it @AppleSupport,@611866 We'd like to help you with that battery drain. Let us know the exact version you're running of iOS 11 via DM. https://t.co/GDrqU22YpT,,17
940603,940607,Sat Oct 21 16:34:06 +0000 2017,@AppleSupport I’ve never had any of these issues until this new iOS came out. I absolutely hate it.,@342983 Which iPhone and iOS version are you using?,940602.0,18
1291190,1291189,Sat Nov 25 20:06:41 +0000 2017,"@AppleSupport Hi, think I’ve got a fake email but I’m not sure. It’s about an app purchase for a high amount and gives me chance to cancel if I sign in with Apple ID.","@246757 Hey there! Thanks so much for reaching out to us about this suspicious email! We'd love to look into it a bit further. What's the address the message is coming from? If you tap on the ""from"" area, it should reveal that info.",,34
953218,953217,Sat Oct 21 18:31:46 +0000 2017,@AppleSupport my next door neighbor is on the same carrier as me and she updated and has no issues. I never used to get dropped calls. https://t.co/IyzE3mLhPc,@333046 We can look into this further. Please reach out to us in DM https://t.co/GDrqU22YpT,,27
1713734,1713733,Tue Nov 07 01:57:03 +0000 2017,@115858 @AppleSupport why am I seeing these boxes with question marks everywhere on the internet,@518993 Here’s what you can do to work around the issue until it’s fixed in a future software update: https://t.co/xXaXeeSRt9,,15
2683450,2683453,Mon Nov 27 14:29:51 +0000 2017,"@AppleSupport Also sometimes they do load. Which makes it more frustrating when they don’t, which is mostly when I’m not on WiFi.",@754787 We'd be happy to help. Would you please join us in DM so we may continue assisting? https://t.co/GDrqU22YpT,2683449.0,22
546702,546700,Sat Dec 02 10:08:50 +0000 2017,"@AppleSupport any way to not see my name whenever i open settings? like i know my own name lmao but now i cant open settings in public, i dont want ppl seeing my full name. i have to log in and out of itunes like 7 times a day now bc of this pls help","@247135 Hi. We're happy to help. You can edit your name under Settings &gt; [your name] &gt; Name, Phone Numbers, Email.",,55
429163,429161,Tue Oct 10 08:33:53 +0000 2017,@AppleSupport since the update my phone has been performing terribly,@217058 Please tell us more about what is happening with your iPhone.  We'd love to help!,,10
1476465,1476464,Thu Nov 02 20:33:00 +0000 2017,Hey @AppleSupport FIX YOUR KEYBOARD GLITCH FOR THE LOVE OF GOD - I’m lookin wasted at 2pm on a work day jeez.,"@462784 Let's meet up in DM to discuss what you're seeing, and what we can do to help. Here's a link: https://t.co/GDrqU22YpT",,22
1100853,1100851,Sat Nov 25 18:01:41 +0000 2017,@AppleSupport I’ve received an email saying my account has been locked and I’m not sure if it’s a scam?,@379730 Let's look at this together. DM us more details about this email &amp; we'll take a look at it with you. https://t.co/GDrqU22YpT,,19
2510957,2510956,Sat Nov 25 22:56:29 +0000 2017,Hey @115858 why do none of my charging cables work like they are suppose to after your shitty update!,@515938 We'd love to help you use the chargers as you intended. DM us which device you are using and we'll help. https://t.co/GDrqU22YpT,,19
1113190,1113189,Tue Oct 24 02:43:41 +0000 2017,@AppleSupport So the new phone you guys gave me today wont turn on now I've restored it.. I cant get any fucking info from my fucking phone because theres an unknown error after I restored it.  I cant even book an appointment without my phone.  Apple is a joke.,@382718 Let's make sure you have a working phone. Meet us in DM so we can get started. https://t.co/GDrqU22YpT,,49
588008,588010,Sun Dec 03 17:52:25 +0000 2017,"@AppleSupport Yes, it vibrates when phone is unlocked but I am talking about when phone is locked and charging and somebody tries chatting at 5am","@258945 Restart your iPhone and see if that has any impact on the issue. If not, DM us which iOS version you have in Settings &gt; General &gt; About and we'll look further into this with you there. https://t.co/GDrqU22YpT",588007.0,25
2205928,2205927,Thu Nov 09 22:09:09 +0000 2017,What is up with this 11.1.1 update @191435 @AppleSupport https://t.co/vsIsJcyrto,"@411318 We can help out. Has the device been restarted since it happened? If not, let's do that using these steps: https://t.co/OWRDHWSt4h",,10
619433,619434,Tue Nov 21 22:41:54 +0000 2017,@157897 @AppleSupport These last two updates have wrecked my battery too.,@266994 We’d love to take a closer look into this with you. DM us your iPhone model and iOS version to get started. https://t.co/GDrqU22YpT,619435.0,11
513674,513675,Sat Dec 02 00:40:46 +0000 2017,"@AppleSupport Snapchat, Tinder, Twitter, and iMessage. It’s also hard for me to type. Any music i have on iTunes and any streaming service will glitch.  The sound will skip like and old scratched up CD.",@238231 Thanks for those details. Let's continue over in DM. Tell us which country you're in and we'll go from there. https://t.co/GDrqU22YpT,513673.0,35
1903491,1903490,Wed Oct 18 11:33:50 +0000 2017,@AppleSupport I have the iPhone 6s for less than 2 years. I woke up. Drove to work. Went to check the time and wtf. Fuck ya’ll https://t.co/33LbX3bnqR,@567264 We can assist you. Please DM us via the following link and we'll help you from there. https://t.co/GDrqU22YpT,,27
1237647,1237646,Thu Oct 26 02:09:15 +0000 2017,"@115858 a 27"" imac that cost $2,596.00 purchased on 8/31/2017 has a bad logic board and no one will help me - how can I get help?","@410316 Hi. We'd be happy to help. Send us a DM, and we'll go from there. https://t.co/GDrqU22YpT",,27
2269948,2269946,Sun Nov 26 13:49:29 +0000 2017,"The photos my iPad offloads to iCloud to save space on the device are the ones I have just taken right now, not the ones that I have not watched for months. How stupid is that ? @AppleSupport @123857",@478114 We have a team who specialize in the Photos app and would love for you to get in touch with them. You can reach them here: https://t.co/IBIY3vMgPj,,39
2686674,2686673,Sat Nov 18 16:44:32 +0000 2017,@AppleSupport @115858  My iPhone 7 (running the latest iOS 11.1.1) is frozen on the lock screen. Lock button and volume keys aren't responding either. Tried the hard reset and it didn't work.,@755512 Let's look into this together. Have you tried these steps? https://t.co/8MvHMFZ83h,,32
2398123,2398122,Tue Nov 14 04:48:10 +0000 2017,"My iPhone 6s died 20% while I was at the gym for an hour, and mind you it was in a locker, AND I am unable to type any messages. What is up with this @AppleSupport","@690167 Let's look into this together. To get started, send us a DM with the country you're currently located in, and the iOS version your iPhone is currently running. We'll meet you there. https://t.co/GDrqU22YpT",,36
2065762,2065761,Sat Oct 07 23:11:25 +0000 2017,Thanks iOS 11 for fucking up my phones battery life.  100% to 7% in half an hour @AppleSupport,"@610893 We want to look into this battery issue with you. DM us using the link below, we'll work from there. https://t.co/GDrqU22YpT",,18
2281205,2281207,Sat Nov 11 21:09:56 +0000 2017,"@AppleSupport Ever since i did the ios 11 update, my iPhone 7 plus doesnt connect to anything with the bluetooth also iPhone shuts off by itself when im on pandora",@540939 We're happy to help. Let's start with the steps here for the Bluetooth issue: https://t.co/JMbUWh4fsj Is your Pandora app up to date?,2281204.0,30
894905,894907,Fri Oct 13 18:46:01 +0000 2017,"@AppleSupport All, mainly text",@332483 Understood. Please DM us so that we can troubleshoot together. https://t.co/GDrqU22YpT,894904.0,4
2110015,2110014,Sun Oct 29 03:14:24 +0000 2017,@115858 y’all got me fucked up charging my card $12 and i only bought 3 songs and 2 ringtones..  I was only suppose to be charged 7.74,@622481 We'd like to look into this further with you. Please reach out to our iTunes Store Support team here: https://t.co/SDIe7UiyJN,,27
1047276,1047275,Thu Oct 12 23:57:33 +0000 2017,"@116333 @AppleSupport Hi, Is it just my watch or is the watchOS4 a fast drainer of my battery life?",@367533 We can help look into the root cause as to why this is occurring. Send us a DM to get started. https://t.co/GDrqU22YpT,,19
2773242,2773244,Tue Nov 21 14:11:44 +0000 2017,"@AppleSupport Yes, that’s correct. The Snapchat photos come out more grainy and less clear than the stock camera. The pictures are always a little blurry. But the stock camera front-facing photos come out crystal clear. I am using iOS 11.1.2.","@775110 Thanks. Are all of your apps up-to-date in the App Store? This article may be for a slightly different issue, but we would still recommend trying each step here when it comes to troubleshooting this particular issue since its app specific: https://t.co/fUZ0NRJxcn",2773241.0,40
700006,700005,Thu Nov 23 14:39:48 +0000 2017,@115858 @AppleSupport iOS version : 11.1.2,"@287016 We're happy to help with downloading your apps. Meet us in DM with more details, such as any errors messages you're getting and which country you're in, and we'll get started. https://t.co/GDrqU22YpT",700007.0,6
2283138,2283137,Sat Nov 11 19:27:08 +0000 2017,So I don’t know if people are experiencing the same thing but I have a IPHONE 7 PLUS. And for The past week. My phone has been Glitching and freezing. And I know people with the same issue . What is going on APPLE?! #Apple #Iphone @115858 @AppleSupport,@663550 We'd like to look into this with you and get your iPhone 7 Plus working as expected once again. Please DM us your current iOS version (found at Settings &gt; General &gt; About) and your current country. https://t.co/GDrqU22YpT,,48
2554001,2554003,Sun Nov 19 04:08:09 +0000 2017,"@AppleSupport The 11.1.2 .. the newer one. Any app , or even when I flicking through the internet it freezes and I can’t touch it for 15mins 😡😭",@725339 Let's try restarting your device and see if that helps. Let us know what you find.,2554000.0,28
2008525,2008523,Sat Nov 04 11:09:27 +0000 2017,so the day the new iphone drops my phone officially stops charging. come at me @115858,"@250719 If you'd like assistance, we can help. Are you charging with the original or a third-party power cable? Tell us in a DM: https://t.co/GDrqU22YpT",,16
322677,322680,Fri Oct 06 22:41:02 +0000 2017,Phone volume has to be on for alarm function to work..Why would I need an alarm if I was up all night with notifications?! @AppleSupport 💩👏🏽,@192863 We can help. Please enable the Do Not Disturb feature or you can put phone on silent. https://t.co/8HnF4Ksats,,26
1360156,1360154,Fri Oct 27 18:15:04 +0000 2017,@115858 Tried calling customer support and the automated system hung up on me before I even spoke. What happened to good quality service? #iPhoneX,@437106 We want you to get the help you're looking for. Was the number you called the support number found here? https://t.co/8yjRd1Xo0i,1360161.0,24
2583165,2583163,Thu Nov 16 22:21:32 +0000 2017,“Upgraded” to latest OS on my @115858 @AppleSupport 7+. Now I can’t connect to my 5G home wifi network anymore.,@732036 Are you having issues with just Wi-Fi on your iPhone 7 Plus? Let us know and we can help out.,,20
365289,365288,Sun Oct 08 15:34:45 +0000 2017,@AppleSupport I purchased a new MacBook Pro yesterday 10-7-17 at the Northpark location.  The left shift key does not work. can I get refund,@202525 Hi! Our MacBooks come with a 14 day return policy.,,24
994478,994476,Sun Oct 22 14:21:39 +0000 2017,@applesupport Hey out there. Why does Calendars (not in iCloud) delete history? I need that info and now it’s all gone. Why?,"@355556 We'll be happy to help in any way we can. Just so we understand, do you mean previous events in your Calendar?",,22
1269019,1269018,Thu Oct 26 10:36:45 +0000 2017,@AppleSupport having issue with calling (&amp; receiving) from my iPhone. Seems to be linked to WiFi calling since the last update. Known Issue?,@417142 Let's see what we can do to get this resolved. Send us a DM and let us know more specifics. https://t.co/GDrqU22YpT,,23
1396697,1396696,Sat Oct 28 14:10:40 +0000 2017,@AppleSupport Bobby at the ck in should have escalated service. It was ur screw up and I had to wait. Smh,@444789 We'd be happy to look into this with you further. DM us and we'll go from there. https://t.co/GDrqU22YpT,1396698.0,21
2321922,2321921,Mon Nov 13 07:04:24 +0000 2017,@AppleSupport can i please change the font on my iphone!? 🙄😪,@672838 Apple welcomes suggestions. Here’s a great link to submit your feedback: https://t.co/eTPVYVFyd8,,11
1155208,1155207,Tue Oct 24 17:37:59 +0000 2017,@115858 is it normal for my iPhone to quit working. Turn itself off. And then delete EVERY SINGLE VIDEO AND PHOTO ON MY PHONE?????,@237064 We're happy to assist. Which iOS version are you currently running? Go to Settings &gt; General &gt; About for the version.,,24
2283117,2283116,Sat Nov 11 04:44:03 +0000 2017,"Literally charged my phone &amp; lost 150% of my charge in a total of 10 mins. What’s wrong with y’all @115858, why do you torture me?","@663544 That is certainly not the experience we want you to have. Which iPhone model do you own? Also, which iOS version are you currently running on your phone?",,26
1429780,1429774,Mon Oct 16 18:05:28 +0000 2017,"@115858 @AppleSupport 1/2 HiSierra install caused MacBook Air to crash on Friday, 13th Oct. Apple charged 2500 to flash OS.",@452062 We'd like to help you out if we can. Would you tell us more about what's going on please?,,20
9169,9171,Wed Nov 01 00:16:09 +0000 2017,@AppleSupport iOS11.1 consumes battery pretty fast....,"@117645 Let's see how you're using your battery so we can provide the best solution. To start, DM us with the country where you're located. https://t.co/GDrqU22YpT",9168.0,6
6813,2052024,Thu Oct 05 21:28:06 +0000 2017,@AppleSupport Please fix the battery life problem. Phone hardly worth using at the moment.,@606862 We’d like to look at that more together. Please let us know what changes you’ve noticed in battery life via DM. https://t.co/GDrqU22YpT,6658.0,14
1078390,1078389,Sat Oct 14 23:53:11 +0000 2017,"@AppleSupport Yeah I have updated it to 11.0.3, it happened on the previous 11.0.x versions too, it’s on my iPhone 7.",@374390 Are you seeing this with Apple wireless devices as well?,1078391.0,21
2771893,2771891,Tue Nov 21 05:30:03 +0000 2017,Oh @115858 #iphone update? Let’s call it “time to mess your phone up until you buy a new one even though your phone is only 7 months old”. #letscallthiswhatitreallyis WHERE ARE MY VOICEMAILS?,"@774813 We'd love to help and look into this with you. It sounds like your Voicemails are missing since a recent update, is that correct? To ensure we're on the same page, which device and version of iOS are you using?",,33
2305951,2305950,Sun Nov 12 22:23:21 +0000 2017,@AppleSupport my snapchat (and sometimes instagram) does not work when I am not connected to wifi. (my mobile data is turned on for both apps in my settings),"@669008 Thank you for reaching out to us! We know how important it is to have your device working as expected, and we’ll do everything we can to help you out with this. Can you tell us which device and software you’re using? Also, how long have you been having this issue?",,28
2349352,2349351,Mon Nov 13 16:27:29 +0000 2017,@115858 your update sucks and i’m tired of my i changing to i️,"@679102 We understand the concern. iOS 11.1.1 has been released and addresses those issues. We'd recommend backing up and updating to the latest version: https://t.co/ahjigcvFRG After updating, let us know if the issue persists.",,13
1349473,1349471,Mon Oct 16 12:47:58 +0000 2017,@AppleSupport me again! Today’s issue is that my Apple Watch 3 isn’t receiving email notifications. I sent my self some test emails to check,@434682 Thanks for reaching out!  Are you getting the Mail notifications on your connected iPhone?,,24
1581440,1581439,Sat Nov 04 15:41:33 +0000 2017,When your phone battery drops 25% in 10 mins because #ios11 is fucking terrible @115858 @applesupport,@486841 We know how important battery life is. Please click here to connect with us in DM. We'll continue there: https://t.co/GDrqU22YpT,,16
964246,964245,Sat Oct 14 03:18:15 +0000 2017,@115858 My music keeps cutting off since this update. Y’all need to fix this shit,@348868 We’d like to help get you back to enjoying your music. DM us and let us know what device you're using. https://t.co/GDrqU22YpT,,15
565047,584673,Sun Dec 03 09:22:17 +0000 2017,"@115858 As much as I love Apple and have sworn by it I have to agree with that IOS11 has ruined my 6s ... it locks up, the battery is drained and my camera has stopped working 😂 going by how well I look after my phone personally I would of expected abit better out of the software",@257972 We want to help with your performance concerns. Reach out via DM using the link below and let us know what version of iOS 11 you're using. You can check by tapping Settings &gt; General &gt; About. https://t.co/GDrqU22YpT,565046.0,58
1596016,1596015,Sat Nov 04 18:22:24 +0000 2017,IM TIRED OF TYPING i AND IT TURNING INTO I️ !!!!   GET YOUR SHIT TOGETHER @AppleSupport,@490343 Thank you for contacting us for support. Let us know if this article helps: https://t.co/sDSg942Lx2,,16
1589955,1589953,Sat Nov 04 19:53:36 +0000 2017,What’s the deal with your new update and battery life @115858 it’s lasting as long as Harvey Weinstein and Kevin Spacey’s career right now 🙄,"@488876 Check out these great tips on maintaining battery health, and DM us if you have any questions: https://t.co/bivpdfBNJ6",,25
1655501,1655499,Tue Oct 17 12:14:19 +0000 2017,Dear @13071 @115858 why do you turn on Bluetooth when I switch off my airplane mode?,"@441344 Great question, we can help! The Control Center works a little differently now in iOS 11: https://t.co/vzVz37YMv0",,16
1220489,1220488,Sat Nov 25 19:12:10 +0000 2017,iOS 11.1 destroyed my iPhone 6 so hard that i’m fully considering switching to android. Great move @115858,"@406354 We'd like to help. Tell us in DM what's going on with your iPhone 6, and we'll continue there. https://t.co/GDrqU22YpT",,18
41560,41559,Wed Nov 01 13:02:22 +0000 2017,@AppleSupport Sierra?,@125137 DM us if this article doesn't help regain storage space for you: https://t.co/oZ7w05bltX https://t.co/GDrqU22YpT,41561.0,2
2547123,2547125,Thu Nov 16 14:40:21 +0000 2017,@AppleSupport sure! https://t.co/5f0ocXxi6U,@723897 Let's look into this a little deeper. DM us and we'll continue with you there. https://t.co/GDrqU22YpT,2547122.0,3
2298308,2298307,Sun Nov 12 05:30:34 +0000 2017,"Hey @115858, Here's a bug in the #ios11  Look at the top left icon.. https://t.co/uXbXjYDI8t",@170157 Thanks for bringing this behavior to our attention. Which device are you using? How long has this been happening? Let us know via a DM. We’ll keep moving from there. https://t.co/GDrqU22YpT,,15
1242290,1242289,Wed Oct 25 22:41:57 +0000 2017,@411420 @115858 @AppleSupport My iphone 7 plus been doing the same shit. You don’t pay $800 for 3 hours of battery life.,@411419 We are here to help whenever possible. DM the specific iOS version you are using to get started. https://t.co/GDrqU22YpT,1242291.0,22
1752039,1752038,Tue Oct 17 21:05:04 +0000 2017,Funny how reception took a nosedive on my #iPhone as soon as 8 came out &amp; X soon. Never had a problem before.  @AppleSupport,@527844 We can help. Could you Direct Message us and let us know what country you're located in? https://t.co/GDrqU22YpT,,24
1224341,1224340,Fri Nov 03 16:57:52 +0000 2017,Whyyyyy is my iMessage fucked up again?! @115858,@407234 We'd like to help. Can you tell us more info on what's going on?,,8
1155538,1155540,Sun Oct 15 18:10:31 +0000 2017,@AppleSupport Both. Reading this I notice if I walk to a new location WiFi is re-enabled?,"@391832 Does your Wi-Fi remain on when you disable Wi-Fi as explained under ""Turn off Wi-Fi and Bluetooth"" in the link? Let us know in DM: https://t.co/GDrqU22YpT",1155537.0,16
1647787,1647786,Sun Nov 05 19:30:30 +0000 2017,Dear @115858  What going on Fam.  Why so many glitches on my keyboard  #softwareupdatefail #apple #fixit,@503424 We're here for you. Can you tell us the details on what's going on with your keyboard?,,16
392252,392255,Tue Oct 10 15:06:18 +0000 2017,"@AppleSupport Can’t control my volume consistently when the music app is in the background, and of course the battery",@208881 We definitely understand how those issues would make it tough to use!  Have you restarted your iPhone yet? Any changes?,392251.0,19
2049880,2049878,Wed Oct 18 23:25:03 +0000 2017,@115858 @AppleSupport iOS 11 sucks. Text notifications with no message to be found. And it’s clunky. I strongly dislike it,"@606181 We want your notifications to be working properly. Have you updated to our latest version, iOS 11.0.3?",,20
2056145,2056144,Fri Oct 06 16:46:44 +0000 2017,Upgradedto #ios1102 and my battery is almost completely drained 3 hours unplugged with limited use! Cmon @AppleSupport,@608079 We want to help. Try following the steps in this link and send us a DM if you are still having issues: https://t.co/bivpdfBNJ6 https://t.co/GDrqU22YpT,,17
2043313,2043312,Wed Oct 04 14:51:43 +0000 2017,@AppleSupport Wrote this series of tweets after I closed Siri: battery still showing 36%...,"@602046 This isn't the experience we'd like you to have. DM us using the link below, we'll work together from there. https://t.co/GDrqU22YpT",2043314.0,14
1395711,1395712,Sun Oct 29 21:24:46 +0000 2017,@AppleSupport That only switch to the app.  I may have multiple app windows open but some minimized.  How do I switch one of the minimized app window?,"@374323 In this situation, you would need to click on the minimized app window.",1395710.0,27
2892068,2892067,Tue Nov 28 13:24:09 +0000 2017,"@AppleSupport I’m having a problem with my battery, it dies at 69% after I used the most recent update",@801664 We've received your DM and will respond to you there shortly.,,19
2814278,2814277,Sat Nov 11 04:57:59 +0000 2017,"Is it just me or my current iPhone got slower, stupider and annoying after the new #iPhoneX release! Coincidence or sales move!? #apple @AppleSupport #sales https://t.co/2qmR4UXCu9","@486293  That is certainly not the experience that we wanted you to have with your device, and we are going to do everything we can to help you. When you have a free moment, can you please DM us which version of iOS you are currently running? https://t.co/GDrqU22YpT",,26
2902017,2902015,Tue Nov 28 17:53:15 +0000 2017,When @115858 keeps charging you hbo. @6174 isn’t on! I cancelled this shit. It’s the ONLY reason I had it. 😒😒😒😒,@803793 Thanks for bringing this to our attention. We’d like to get you in touch with an expert from our iTunes team to assist further. Use this link to get connected with them: https://t.co/SDIe7UiyJN,,21
1454672,1454671,Mon Oct 16 19:38:27 +0000 2017,@AppleSupport why is it that your own AppStore app is literally the worst on my iPhone. Takes about 10 hours to ever load. https://t.co/SQp8qbn25A,@457627 We'd be happy to look into this with you. Please reach out to us via DM and we'll get started. https://t.co/GDrqU22YpT,,24
2440920,2440918,Tue Nov 14 22:12:41 +0000 2017,Why isn’t my apple watch not monitoring my exercise minutes?? It did before I got the new iPhone 8 and had to reset it and start over. @AppleSupport.,@700039 We can help get those exercise minutes tracking. Which version of iOS are you currently running? You can check in Settings &gt; General &gt; About &gt; Version.,,28
851800,851802,Fri Oct 20 17:24:50 +0000 2017,@AppleSupport Thanks. I spoke with a Rep w/ AT&amp;T. Customers R calling them nonstop about this issue.  Apple is working to troubleshoot the issue. Thanks,"@322339 To verify, were you able to reach a resolution? Let us know in DM. https://t.co/GDrqU22YpT",851799.0,25
2852290,2852288,Mon Nov 27 19:49:57 +0000 2017,@AppleSupport What’s the best way to care for my new iPhone’s battery? Is it best to leave it on charge when I’m at work and all night or should I be letting it drain?,@295703 Congrats on your new iPhone! We want it in tip-top shape for you. Check out these articles to understand more about the battery &amp; let us know if you have questions.  Maximizing Battery Life and Lifespan: https://t.co/bivpdfBNJ6 Why Lithium-ion?: https://t.co/cKKGWSxTRk,,34
2359764,2359763,Fri Oct 13 09:59:22 +0000 2017,@115858 I’m having so many problems with my phone after installing #ios11update can’t hear when I make calls or receive. And it keeps crashin,@681483 Let’s team up to get this addressed. Does your iPhone become completely unresponsive when it crashes? Let us know via a DM. https://t.co/GDrqU22YpT,,24
1880456,1880455,Sat Oct 21 06:37:19 +0000 2017,#ios11 really fucking up the battery... I think I would move away from @115858 time to explore new avenues and better battery management.,"@474853 A lasting battery is important to have on your iPhone. Please meet us in DM so we may gather information, and better assist. https://t.co/GDrqU22YpT",,23
862151,862148,Mon Oct 09 15:56:02 +0000 2017,.@115858 @AppleSupport Updated to 11.0.2 and iPhone7+ still having major crashes and app issues Please let us know if there is another update,"@209447 We'd like to help. Do you experience these issues when using any specific app? Also, have you checked the App Store for any updates?",,23
661673,2614267,Fri Nov 17 04:39:16 +0000 2017,@AppleSupport Why does my phone no longer connect to my cars bluetooth? It’s playing on the car screen but audio from my phone. Please fix!,@487599 Thanks for reaching out! We want to be sure you can connect to your car's Bluetooth without any issue. Let us know if the steps outlined here help you: https://t.co/JMbUWh4fsj,661563.0,25
498622,498621,Fri Dec 01 18:21:44 +0000 2017,@AppleSupport My iPhone6 keeps exiting all apps I open. Shows black screen with spinning wheel. Can't do anything with it. What's happening? It has the latest iOS installed and all... Help!!,@234035 We're here for you! We know it's important to have your iPhone ready when you need it. Did this issue just start after a recent update? Let us know in DM and we'll work from there. https://t.co/GDrqU22YpT,,31
2675432,2675434,Tue Oct 31 13:17:48 +0000 2017,@AppleSupport I deleted the phone and restored from a different icloud backup and they came back. Thanks though,@753085 We're glad to hear the issue is resolved. Let us know if you have any other issues or questions.,2675431.0,18
1372460,1372459,Tue Nov 07 17:35:53 +0000 2017,2 yrs in and my IPhone shittin out on me. 4% battery by 1035am. Keeps glitching and freezing. I swear @115858 does this on purpose,"@241751 We assure you that we want your iPhone to work. Please DM us with your current version of IOS, and we'll get this sorted. https://t.co/GDrqU22YpT",,25
505056,505055,Fri Dec 01 20:35:53 +0000 2017,@115858 I dropped my phone listening to music &amp; the #dongle broke. #WTF??? #disappointed #apple https://t.co/Eig8Z4WO7W,"@235786 We want you to be able to keep enjoying your music. If you need a replacement, we offer them here: https://t.co/fweIy4cQK5",,16
2547295,2547294,Thu Nov 16 06:35:32 +0000 2017,"@723945 @115858 YES, I'm at the point where I have to charge it 3 times in a day. Apple is really on some bs. I would get the X but the differences in the phones are much different and it's expensive.","@723948 We'd love to help you with your iPhone. When it restarts, do you see an Apple logo or a spinning gear? Is it updated to iOS 11.1.1? Let us know in DM and we'll get started. https://t.co/GDrqU22YpT",2547296.0,41
2639708,2639710,Fri Nov 17 21:20:46 +0000 2017,@AppleSupport ios 11.1.1,@744968 Let's begin by backing up the iPhone and updating to iOS 11.1.2. Then let us know what's happening. How to back up: https://t.co/4f8hwT5to6,2639707.0,3
1168939,1168941,Sun Oct 15 15:55:38 +0000 2017,@AppleSupport It's the iforgot page ( to change a password). Thanks. Could you DM a reply please?,@394963 Try accessing the site through the link in this article: https://t.co/pSqXVktNl7 DM us the results using the link below. https://t.co/GDrqU22YpT,1168938.0,17
480608,480610,Fri Dec 01 13:29:07 +0000 2017,@AppleSupport It appears that everything backed up seamlessly except for the text replacement. My new phone even backed up to the iCloud last night.,"@229221 Good to know. To confirm, you have signed in to the same Apple ID and iCloud accounts from your previous iPhone?",480607.0,24
1984373,1984372,Thu Nov 02 00:45:07 +0000 2017,@AppleSupport hi why is my keyboard doing weird stuff plz help https://t.co/RBvyizjTVz,@587381 We'd love to look into this with you. DM us the iOS version you are currently running. Find this in Settings &gt; General &gt; About. https://t.co/GDrqU22YpT,,12
601405,601404,Sun Dec 03 21:14:37 +0000 2017,The new update f’d up my phone! What is happening @115858 ?!?,"@262674 We can help. DM us, and let us know what's going on. We'll look into this. https://t.co/GDrqU22YpT",,12
495121,495119,Fri Dec 01 17:20:38 +0000 2017,@AppleSupport I’m having Bluetooth issues with my iPhone X. Some Bluetooth devices are not discovered. This is in close proximity.,@233065 Let's figure this out so you can enjoy your bluetooth devices with your iPhone X. Check out this link and let us know if it helps: https://t.co/JMbUWh4fsj,,20
592210,592206,Sun Dec 03 16:25:42 +0000 2017,"Dear @AppleSupport why aren’t any of your video products working in any sane way? FCP X 10.3, iMovie… both turn my machine into sludge.",@260149 We'd like to help. Which device and software version are you using? Are you having issues with any other apps?,,24
2575279,2575277,Thu Nov 16 19:49:51 +0000 2017,@AppleSupport why is it banned me from using App Store when I went minus on my card wtf my phone was stolen for days and re appeared.,@443545 Hi there! We want to make sure we understand what happened. Are you receiving any error messages in the App Store? This article may help: https://t.co/U96y4MTG7k,,27
2199251,2199261,Fri Nov 10 03:36:12 +0000 2017,@AppleSupport @643239 What about fixing I.t ?????,@194351 We're happy to help out. Send us a DM and let us know your iPhone model and we'll get started. https://t.co/GDrqU22YpT,2199249.0,7
1645573,1645570,Mon Nov 06 00:19:38 +0000 2017,@115858 you Gunna fix this ?..... I️ can’t text anyone on snap since I️ can’t use the letter “eye”,@502840 Here’s what you can do to work around the issue until it’s fixed in a future software update: https://t.co/xXaXeeSRt9,,19
1691860,1691859,Mon Nov 06 18:30:31 +0000 2017,@AppleSupport why is this a thing and how do I️ stop it? https://t.co/6xqid9AB6a,@513553 Here’s what you can do to work around the issue until it’s fixed in a future software update: https://t.co/xXaXeeSRt9,,13
1999903,1999902,Thu Nov 02 20:18:15 +0000 2017,@115858 @AppleSupport why is my iphone 7+ with the new update changing I's to A's / question marks??? SOS  🙃,@591340 Congratulations on your new iPhone! Join us over in DM and tell us the exact version of iOS you're using and we'll take a look. https://t.co/GDrqU22YpT,,20
456137,456136,Thu Nov 30 23:50:03 +0000 2017,@AppleSupport just an FYI I have a 6s plus and when I go to App Store then updates they show they are loading but never move until I reboot the phone. Then they all download and install,"@223296 Thanks for reaching out to us about this issue. We want to make sure you're able to update your apps as needed. In order for us to best assist, you, please meet us in DM with your current iOS version: https://t.co/GDrqU22YpT",,37
2692294,2692292,Sun Nov 19 00:18:07 +0000 2017,@AppleSupport @AppleSupport strange request. I forgot to save couple  track from last week chill mix. Can you share playlist pls!,"@756787 We're glad you're enjoying the Chill Mix. There is not a way to see what was in a previous week's playlist, for us or you.",,20
1470534,1470532,Mon Oct 16 20:30:51 +0000 2017,MY OHONE JUST FELL PUT OF MY HAND AND NOW THERES A CRACK ON MY SCREEN WHY @115858 WHH,@461323 We're here for you. Send us a DM and tell us which country you are reaching out to us from. https://t.co/GDrqU22YpT,,19
1770794,1770792,Tue Oct 17 22:15:31 +0000 2017,@AppleSupport My IPad Wont Charge Heelllp,@532330 Glad to help. What happens when charging the iPad? Is that being done via USB or wall outlet?,,6
1339790,1339789,Fri Oct 27 10:14:35 +0000 2017,"@AppleSupport after spending €1329 3 hrs ago, still no confirmation of payment. I expect a little more for that kind of money... #iPhoneX","@432506 We got your DM, and we will respond to you there. https://t.co/GDrqU22YpT",,23
2364463,2364461,Mon Nov 13 21:48:26 +0000 2017,"@AppleSupport Hi, I just tried updating to latest iOS, but now I get connect to iTunes logo on my iPhone 7. Has it just killed my iPhone?",@682654 We're glad you reached out about this. We're eager to get things resolved for you. Do you have access to a computer with iTunes installed? We'll need to plug our iPhone in and apply the update there.,,27
2965417,2965416,Wed Nov 29 22:12:26 +0000 2017,@115858 You ever gonna fix this issue with my phone's screen randomly swiping but not clicking. NEVER BEEN REPLACED BY 3rd Party. Don't tell me that in patch notes again trying to blame me.... Iphone 6s,"@818132 We're here to help with your iPhone 6s, in any way that we can. Tell us more about what you're experiencing in DM: https://t.co/GDrqU22YpT",,36
2949264,2949263,Wed Nov 15 03:48:38 +0000 2017,@115858 I’m tired of my phone messing up after i update it 💯,@814497 We want to help! What model of iOS device are you using? Do you have the most recent version of iOS 11.1.1 downloaded? DM us and let us know more about the problems you are having. We can look more into this issue from here. https://t.co/GDrqU22YpT,,13
2714163,2714162,Mon Nov 20 03:42:02 +0000 2017,.@115858 why is #networkdiagnostics no longer available on #HighSierra to fix #connection problems? That was by far one of the best things on a #Mac!! Help!! #GeniusBar #Apple https://t.co/V4UUMccmwZ,@761937  We know these options are important. We can help with this concern. Can you let us know if you are trying to do a Wireless Diagnostics? What device are you using? Send us a DM. https://t.co/GDrqU22YpT,,29
2726029,2726028,Mon Nov 20 04:11:24 +0000 2017,Annnnnnnnnnddddd another @115858 charger bites the dust 😂🙄,@764490 We want to ensure you have a working charger available. We'd be happy to see what options are available for you. Let's chat in Direct Message and let us know what device this charger is for. https://t.co/GDrqU22YpT,,8
2441883,2441886,Wed Nov 15 00:00:38 +0000 2017,@AppleSupport I was activating over WiFi,"@700274 We're sure you're eager to get your iPhone X activated and we'll continue to do all we can to help. While you're waiting for phone support, you can try the steps listed here: https://t.co/ywHIZGN4Ac",2441882.0,6
2287386,2287385,Sun Nov 12 01:24:52 +0000 2017,I hate this stupid glitch!!! @115858 fix your shit!,@664585 Please tell us more about what you're experiencing. We want to help.,,9
550818,550819,Sat Dec 02 21:57:57 +0000 2017,@AppleSupport 11.0.3,"@248326 iOS 11.2 recently became available. Let’s have you create a backup with iTunes or iCloud, and update the software. See those steps here: https://t.co/80YRnjDFDk Please send us a DM if the issue persists after updating, and we’ll be happy to help further. https://t.co/GDrqU22YpT",550817.0,2
1224391,1449181,Thu Nov 02 15:22:18 +0000 2017,@AppleSupport I have to charge my iPhone 3 times a day since I upgrated to IOS11. I am getting tired of this! Please SOLVE IT!,"@456274 Battery life is important, and we want to be sure you're getting the most of out it. Which iOS version are you running now?",1224381.0,25
2301497,2301496,Sun Nov 12 13:59:23 +0000 2017,"@AppleSupport I’m trying to download my 22GB iPhoto iCloud history to my new iPhone, but there’s no sign of it working. What do I need to do?","@325692 We'd like to help with your photos. Just to clarify, you're attempting to download your photos from your iCloud Photo Library but aren't seeing any photos? Let us know more in DM. We'll go from there. https://t.co/GDrqU22YpT",,27
1002746,1002744,Sat Oct 14 05:26:32 +0000 2017,Who else facing #Notifications #Problem @4305 for #iPhone #iOS @AppleSupport New Things won’t show up until you open the #App #Whatsapp,"@357354 We're here to help out. Any recent changes to the device? First, check the notification settings: https://t.co/2txgOv5s2M",,21
2986319,2986318,Tue Nov 21 08:18:31 +0000 2017,@AppleSupport Hey how do I listen to one podcast in order continuously? Oh it's impossible now? That's ridiculous. Fix the Podcasts app.,@823441 This is certainly not the behavior we want you to experience. Listening to your favorite Podcasts smoothly is very important to us. You're in great hands for support. Let's look into this together. Could you DM us which Apple device you're using? https://t.co/GDrqU22YpT,,22
2062825,2062824,Fri Oct 06 13:11:37 +0000 2017,@AppleSupport easy yo! Why since the last update is my battery being drained every second? Its on that perspiration ting!!!!!,@610070 Thanks for reaching out to us. We are always happy to help. Send us a DM so we can look into this together. https://t.co/GDrqU22YpT,,20
2549923,2549922,Mon Oct 30 13:59:05 +0000 2017,"@AppleSupport what the heck is going on with #iPhone7Plus at the moment. It’s slow, sluggish, Wi-Fi constantly not working. Apps freezing??😡",@643980  We want to help.  Send us a DM letting us know if you are updated to iOS 11.0.3. https://t.co/GDrqU22YpT,,21
2117848,2117847,Wed Nov 08 05:28:47 +0000 2017,@115858 get your shit together! I’m really contemplating switching to a shitty Samsung because I️ can’t say I️!!! 🙄🙄🙄🙄,@565035 Here’s what you can do to work around the issue until it’s fixed in a future software update: https://t.co/xXaXeeSRt9,,19
1059318,1059317,Sat Oct 14 21:16:47 +0000 2017,@AppleSupport do ya guys know why my google assistant won’t play songs in Apple Music? It says voice actions aren’t available for this app.,@370108 Thanks for reaching out. We can look into this with you. Which device are you using? Please reply in DM. https://t.co/GDrqU22YpT,,24
552130,552129,Sat Dec 02 14:55:49 +0000 2017,"@115858 so you just rushed an update that doesn’t even fixes the battery draining problem, I see you.","@232106 If you're running into issues with the battery on your device, we'd like to help you out.  Please send a DM to let us know the following:  - What version of the iOS you have: - What kind of device do you use: - What issues specifically are you having with the battery: https://t.co/GDrqU22YpT",,18
587046,587045,Sun Dec 03 11:34:35 +0000 2017,@AppleSupport why doesn’t notes work on the iPhone X also can’t close ebay photos on listings without force closing the app.. want to give me my thousand quid back?,@258646 We'd like to help. Please tell us more about the issue you're experiencing in DM and we'll go from there. https://t.co/GDrqU22YpT,,29
390089,390087,Mon Oct 09 12:47:34 +0000 2017,Ok @applesupport it's been 70 hours ! Where's my text message to recover my account?!?!??,@208345 We've received your DM and will continue there.,,15
292363,292362,Fri Oct 06 14:48:53 +0000 2017,"@AppleSupport what a shitty update again from you #apple my phone once fixed, now agan battery fucked up. Shame on you. My last iphone😡😡😡",@185629 Let's look into that. Send us a DM and we'll go from there. https://t.co/GDrqU22YpT,,24
2341867,2341869,Mon Nov 13 16:03:43 +0000 2017,"@AppleSupport The main issue is my phone would be fully charged but the battery drops at an extraordinary rate;I could be playing Spotify (with my phone off)for 20 mins and would lose well over 30%, checking social media for 10 mins results in a 15/20% loss tooiOS 11.1.1 is my current version",@677398 Got it. Let’s take an even closer look into your device's usage. What’s the battery percentage for each of your top 3 apps in Settings &gt; Battery &gt; last 24 hours?,2341866.0,52
1153873,1153871,Tue Oct 24 17:09:38 +0000 2017,@AppleSupport my phone is so slow so the new iOS update? Only on text messages though? Why is this?,@391476 We understand how important your Messages app is. Does this happen when you compose a new text message? Have you tried restarting?,,19
2040380,2040379,Tue Nov 07 22:05:33 +0000 2017,So like why did the @AppleSupport update just cause me to lose 4% in typing a message and all my apps constantly crashing.. ??,"@603309 We can help. How long has it been since updating? Have you tried restarting, then opening your apps? Let us know more in DM. https://t.co/GDrqU22YpT",,24
2756190,2756189,Tue Nov 21 01:48:45 +0000 2017,@AppleSupport is there a way to get the clips app to export a filtered photo full size instead of the cropped square? https://t.co/zmEB0WQ7DA,@485273 We'll be happy to provide some info about this. Could you please send us a DM so we can gather some more details and get started? https://t.co/GDrqU22YpT,,23
255126,255125,Thu Oct 05 17:48:52 +0000 2017,Hey @AppleSupport my phone has been VERY warm since I took it off the charger this morning. Even after not using it for an hour. Why?,@176655 We'll be happy to assist. Join us in DM and we'll look into the possibilities there: https://t.co/GDrqU22YpT,,26
1896378,1896377,Tue Oct 24 14:26:15 +0000 2017,"Hey @115858, you guys need to fix the new iOS. My email freezes when I try to delete multiple emails.",@565228 We want your Mail working properly. Send us a DM with additional details and we'll look into this with you closely. https://t.co/GDrqU22YpT,,20
1756420,1756419,Tue Nov 07 16:44:17 +0000 2017,"@528880 @115858 Since the upgrade, my Twitter has also been...sluggish. Now, I'm often snapping my fingers @ my PC screen like - ""Will you hurry TF up!"" 😠",@528879 What model of device are you seeing this on? Tell us more via DM. We'd love to help out. https://t.co/GDrqU22YpT,1756421.0,28
104190,104189,Thu Nov 23 16:52:28 +0000 2017,"@AppleSupport Thanks. Yep I checked that, but neither phone has the other listed as an alternative data source. It’s almost like it’s because they’re both linked to my iCloud account or something. Here’s an example from one of them, the one listed is the same device name. https://t.co/zKVWO3obZj",@138973 We'd like to look into this further. Please DM us to continue working on this. https://t.co/GDrqU22YpT,104191.0,48
1748875,1748874,Tue Oct 17 20:08:44 +0000 2017,It’s a low moment when your iPhone dies while connected to the charger.... what is this? Applepocalypse? @AppleSupport,"@527144 Hello, we'd be happy to look into this with you. Can you provide us which iPhone and iOS you're using?",,18
2864841,2864843,Tue Nov 28 00:19:13 +0000 2017,@AppleSupport 11.1.2,@795721 We'd love to continue working with you. Please meet up with us in DM. https://t.co/GDrqU22YpT,2864840.0,2
2519456,2519455,Wed Nov 15 23:52:57 +0000 2017,#iPhone10 #iphonex won't make calls. Its not an @ATT issue? Seems to be affecting all @115858 iPhone X/10 phones!,@572930 We can help out. Let's start with these steps: https://t.co/U53YusKX3z,,19
1990234,1990233,Thu Nov 02 13:34:43 +0000 2017,@AppleSupport I couldn’t transfer ringtones from my old iPhone to a new one via latest iTunes v.12. What should I do?,@589001 We’d like to help get your ringtones working again. Can you confirm if you purchased these from iTunes via DM? https://t.co/GDrqU22YpT,,21
1230334,1230335,Wed Oct 25 21:21:53 +0000 2017,"@AppleSupport The last week or two. I have closed iTunes, reset computer etc. No help.",@408561 Got it. Please DM us and we will continue troubleshooting from there. https://t.co/GDrqU2kzhr,1230333.0,15
1978663,1978661,Tue Oct 31 19:20:12 +0000 2017,Is it a trick or treat to download the new Apple 11.1 software to my iPhone 7? 🤔 I’m scared my battery life will get worse. @AppleSupport,"@521783 We definitely recommend updating: https://t.co/80YRnjDFDk If anything comes up, DM us. We'll look into it. https://t.co/GDrqU22YpT",,27
633825,2759030,Tue Nov 21 04:15:11 +0000 2017,@AppleSupport Hey Apple do you realize my gmail app crashes every 2 seconds on my new iPhone X?,@772036 We're here for you! Please DM us and we'll have a look. https://t.co/GDrqU22YpT,633805.0,18
2414317,2414316,Tue Nov 14 17:04:51 +0000 2017,@AppleSupport please for the love just tell me how to simply reset my macbook pro to factory settings.,@276652 We're here to assist. We've received your DM and will continue to work with you from there.,,18
855607,855606,Mon Oct 09 12:29:11 +0000 2017,"@115858 Regarding this, I‘d have a question for @AppleSupport once more😅: I can’t choose my own music in memories. Just the soundtracks. 1/2 https://t.co/UrbF7wbKTn",@323200 We'd like to get you with our Photos app specialists to look into this. Get in touch with them here: https://t.co/IBIY3vMgPj,855609.0,24
496796,496795,Fri Dec 01 17:57:02 +0000 2017,Please fix the “I.t” problem @AppleSupport @115858,"@233534 Thanks so much for reaching out! We'd be happy to look into this with you. To start, DM us which device and software version you're seeing this issue on, and we'll continue from there. https://t.co/GDrqU22YpT",,7
298001,298000,Fri Oct 06 16:17:14 +0000 2017,"@AppleSupport i need help deleting photos off of my iPhone, but not losing the photos in my iCloud.",@186991 Let's see how we can assist. This link has great info on managing the photo storage on your iPhone: https://t.co/j1xchNl9UN,,18
2753653,2753652,Tue Nov 21 01:34:13 +0000 2017,@AppleSupport Yup! Correct! Just now 3 times in one message from a friend,@299271 We recently released an update that corrects this issue. Most likely the other users have not updated their devices.,2753654.0,13
1583811,1583809,Sat Nov 04 16:23:47 +0000 2017,Hey @AppleSupport. When are you going to update the software so my iPhone doesn’t do this - I️ every time I try to type an I?,@289370 Thanks for reaching out about this. Check out this article for a workaround: https://t.co/evcqP6KgPj,,26
1152816,1152814,Tue Oct 24 16:50:17 +0000 2017,@AppleSupport Is there a reason why my phone battery life has gone down substantially? Better yet... How can I fix this?,"@391268 Which iPhone model and iOS is this on? Also, have there been any major changes to your device? Let us know, we'd like to help.",,21
892825,892824,Fri Oct 13 18:00:52 +0000 2017,Try to reset network settings - instead of phone restarting it shuts down.  @AppleSupport #iOS11,@331999 Let's look into that. Send us a DM and we'll go from there. https://t.co/GDrqU22YpT,,15
2731271,2731269,Mon Nov 20 15:38:46 +0000 2017,@115858 @AppleSupport iPhone 6 was fine and fast until new iPhone 8/X OS turned up....... This intentional plan to force everyone to new phones? I mean it’s made the phone nearly unusable! Loads of GB space available so that’s not the issue. The phone runs slow now! #ios #iPhone6,@765667 That should not be happening. We want to help. Which iOS version is installed on your iPhone 6?,,49
622671,622670,Wed Nov 22 17:23:17 +0000 2017,"@AppleSupport Hey😐, my IPhone8’s audio is cracking while I get a phone call. Its running on latest IOS.","@267790 We definitely want you to be able to keep in touch with others over the phone. Take a look at this article here for issues with audio while on a call: https://t.co/XlmCP2gCtj Also, is this the only time the issue occurs? Are there any other audio issues?",,18
2117916,2117915,Wed Nov 08 04:50:00 +0000 2017,@AppleSupport I’ve tried to install over WiFi and LTE? I’m so lost as to why this is happening. https://t.co/Aj1vsdU3cC,@624204 We'd love to help out. Are you still having issues with updating?,,19
1145095,1145097,Tue Oct 24 13:43:31 +0000 2017,"@AppleSupport I saw it right after unlocking once (no other apps running), and right before locking the 2nd time (after using, I think, the Facebook app).",@389497 Has your iPhone been rebooted since then?  Was your phone plugged in at the time you saw that dimming?,1145094.0,26
2771803,2771805,Tue Nov 21 15:33:46 +0000 2017,@AppleSupport Purchased new cables from Apple,"@774790 Understood. Are you currently experiencing an issue with your iPhone charger? If so, send us a DM with what's going on. We'll meet you there. https://t.co/GDrqU22YpT",2771802.0,6
704551,704550,Thu Nov 23 17:31:54 +0000 2017,@115858 Pardon my French but I've had this phone four years with no problems and all of a sudden no memory? 🙄 I have literally deleted all music and unnecessary apps but WhatsApp just doesn't open.,@229929 We'll be happy to assist as best we can. What do you see when you go to Settings &gt; General &gt; iPhone Storage on your iPhone? Let us know in DM: https://t.co/GDrqU22YpT,704552.0,36
1993357,1993356,Fri Nov 03 04:13:13 +0000 2017,@589924 @115858 Keeps fucking up my texts,"@589923 If you're having issues with your text messages, we want to help. DM us at the link below with more details please. https://t.co/GDrqU22YpT",1993358.0,7
1466893,1466891,Thu Nov 02 17:21:32 +0000 2017,@AppleSupport Is the App Store still down? Can’t access it on my iPad and I’m trying to access tools for work.,@460474 We show no issues at https://t.co/7NVrDovSd8 so let's look into this further. Are you using Wi-Fi or a cellular data connection?,,21
2280589,2280587,Sat Nov 11 16:55:10 +0000 2017,"A month, hours of chats (about 12) and I still can’t use my @115858 iPad Pro with WiFi and Bluetooth at the same time",@662960 We'd like to help. DM us more details about what's going on and we'll go from there. https://t.co/GDrqU22YpT,,24
1341754,1341753,Fri Oct 27 12:31:31 +0000 2017,Assuming @AppleSupport that this is not a genuine message. https://t.co/xpi9I3xHMl,"@432958 Hey, we can help you with that alert. Meet us in DM and we'll go from there. https://t.co/GDrqU22YpT",,10
1776827,1776829,Wed Nov 08 00:11:58 +0000 2017,@AppleSupport I should have included sign out and sign in back in. That would affect my account data or something?,@393551 Meet us in DM and we'll continue: https://t.co/GDrqU22YpT,1776826.0,20
211296,211298,Wed Oct 04 21:29:33 +0000 2017,@AppleSupport Group messages still aren’t coming thru. 🤦🏻‍♀️,@166052 Please see the steps in this article for help with group messages: https://t.co/2hgNQH8Vvq Let us know if this helps.,211295.0,8
1552864,1552863,Sat Nov 04 00:48:34 +0000 2017,"This probably a stupid question, but is there a way to turn notifications on for apps but only when connected to wifi? @AppleSupport @115858",@480466 We're always looking to improve your experience. Let us know what you'd like to see here: https://t.co/eTPVYVFyd8,,24
1296842,1296843,Fri Oct 27 13:46:30 +0000 2017,@423104 @AppleSupport I would *gladly* pay for this song but I literally can’t figure out how to buy a DRM-free version as an Apple Music subscriber.,"@423103 To get the best assistance with this issue going forward, reach out to our Photos support here: https://t.co/IBIY3vMgPj",1296841.0,26
877723,877722,Fri Oct 20 18:03:54 +0000 2017,@AppleSupport I have DM’d you. Look forward to a response.,@296179 We've gotten it and will continue with you there. Be on the lookout for our message. Thanks!,877724.0,10
395537,395536,Mon Oct 09 16:58:39 +0000 2017,@115858 @115725 @AppleSupport @VerizonSupport Apps are freezing or closing on their own. This is ridiculous.,@209617 We want to help you with this. Please give us all the details via DM. https://t.co/GDrqU22YpT,395538.0,15
1533023,1533025,Fri Nov 03 20:59:58 +0000 2017,@AppleSupport yes I can download other apps.,@475478 Is the app not available any longer? What happens when you attempt to download it? What is the exact name of the app?,1533022.0,7
238925,238923,Tue Oct 03 13:30:22 +0000 2017,"Hello @AppleSupport I have an issue unlocking my Apple ID , can't remember two of my security questions and the email method is not working",@172817 Hello. For issues with unlocking your Apple ID reach out to our Account Security team here:  https://t.co/UJm15vmMM2,,25
1907451,1907449,Wed Oct 25 16:12:45 +0000 2017,"So,   #ios11 made my 6s useless. Screen freezes, apps dont respond, everything is very slow.   Thank you guys great work @115858  @AppleSupport","@568320 We're here for you. When this happens, does a force restart help, as shown here?  https://t.co/8MvHMFZ83h Let us know in DM: https://t.co/GDrqU22YpT",,22
2361708,2361706,Mon Nov 13 20:19:29 +0000 2017,"@AppleSupport I purchased an album on iTunes on Friday, it’s been downloading since then😤 is this normal?",@681954 Let's get that sorted out so you can get listening to that album!   Have you seen this article already? https://t.co/zM9ervDCbU   There's some great info on that page that should help with this issue.,,17
193604,193603,Wed Oct 04 13:37:59 +0000 2017,"@AppleSupport Hi, the new update has crashed my IPhone 7, I can slide the noificstions bar down but can't click any apps",@161520 Hi there. We understand how important it is that you're able to access your apps as you'd expect. Have you restarted yet?,,22
2025736,2025735,Mon Nov 06 14:41:11 +0000 2017,@115858 WHY ARE THERE RANDOM QUESTION MARKS IN MY TEXT....I️ DON’T UNDERSTAND &amp; IT’S VERY ANNOYING,@599062 Here’s what you can do to work around the issue until it’s fixed in a future software update: https://t.co/xXaXeeSRt9 https://t.co/GDrqU22YpT,,16
523830,523829,Sat Dec 02 03:39:14 +0000 2017,@AppleSupport The Photos app on my MacBook Pro keeps shutting down immediately after opening it. Whats going on??? I need to edit my pictures. This has been happening all week with no solution after sending the report to Apple. I am running the latest software. Thanks,@241076 We're here for you! Is this happening with any other apps? What's the exact macOS version you're using? Tell us in DM: https://t.co/GDrqU2kzhr,,46
1990372,1990371,Thu Nov 02 14:28:32 +0000 2017,Hey @115858 y’all really got me out here looking BAD!!! Wtf is this?? Got my post looking all kinds of retarded and s*** https://t.co/tGnnBzW6SS,@589039 Thanks for reaching out. We'd like to look into this with you. Send us a DM and we'll take it from there. https://t.co/GDrqU22YpT,,24
619496,619495,Wed Nov 22 10:20:41 +0000 2017,My mac has just decided to break and all the things for summit is on there and I am FREAKING OUT RN  @AppleSupport why has the new software update messed up my laptop?,@267011 Thank you for reaching out to us. We'd like to gather more information to get this resolved. Can you DM us what you are experiencing? https://t.co/GDrqU22YpT,,33
1392984,1392982,Sat Oct 28 05:21:20 +0000 2017,"@AppleSupport since upgrading to new iOS, I can’t seem to trash mail from banners.  It acts like it did, but mail is still in folder.",@443980 We're here for you. Does this only happen in the Apple Mail app? Does Mail have any other issues?,,25
271282,271281,Fri Oct 06 01:11:04 +0000 2017,@AppleSupport ios11 update— don’t know how WiFi &amp; Bluetooth just randomly turn on after I’ve turned them off. It should go back on wen I say,"@180726 Hey there! Are you turning Wi-Fi off from the Control Center? If so, learn more about it here: https://t.co/G7BHuQnDS6",,26
2302737,2302739,Mon Nov 13 23:22:47 +0000 2017,@AppleSupport Yes,"@668216 Great. We have some steps for you to take, to ensure your iCloud contacts are synced to your device: https://t.co/G3RWMwaBju",2302736.0,2
1475396,1475394,Thu Nov 02 19:37:43 +0000 2017,"@AppleSupport pls help, unable to install apps in iPad https://t.co/sVGqHivVJS",@462507 We're here for you. Which iPad are you using and what version of the iOS is currently installed?,,10
41558,41557,Wed Nov 01 14:44:46 +0000 2017,@AppleSupport Can you pair 2 AirPods to one iCloud account?,"@125136 Thanks for reaching out. We'd be happy to look into this with you. Send us a DM, and we can go from there. https://t.co/GDrqU22YpT",,10
1645037,1645036,Mon Nov 06 00:15:35 +0000 2017,@115858 fix this fuckery w/the letter I️. It’s annoying!!!!!!!!!!,@502682 Here’s what you can do to work around the issue until it’s fixed in a future software update: https://t.co/xXaXeeSRt9,,9
321772,321771,Sat Oct 07 04:07:16 +0000 2017,@AppleSupport I just lost 6% battery in 2 min... I don’t have money to get the 8... thanks!,@192652 Thanks for reaching out. Click here to join us in DM and we'll assist you with your battery: https://t.co/GDrqU22YpT,,18
1445540,1445539,Thu Nov 02 14:00:16 +0000 2017,@AppleSupport is apple store down? I do not want to download any app,@455436 What kind of issues are you having? We'd love to help.,,13
1586845,1586847,Sun Nov 05 13:20:33 +0000 2017,@AppleSupport Help! All my other devices are connected to that apple Id.,@488163 We certainly understand. Send us a DM so we can look into this more. https://t.co/GDrqU22YpT,1586843.0,12
250068,250067,Thu Oct 05 16:17:56 +0000 2017,@AppleSupport Thanks! I’m actually going to run into the apple store tonight. Think I need a new battery.,@175415 No problem. Let us know if you need further assistance.,250069.0,18
1809548,1809547,Sat Oct 14 17:42:43 +0000 2017,"@115858 Help, my iPhone has sim stuck and I can't open the drawer to get it out. Advice please",@543632 We've got your back. Could you join us in DM with more details and let us know which model iPhone you are using? https://t.co/GDrqU22YpT,,19
2345938,2345937,Mon Nov 13 14:55:03 +0000 2017,@AppleSupport what is with WiFi and Bluetooth automatically turning on? This new update is a security risk.,@516722 We're glad you asked. You can control Wi-Fi and Bluetooth connections two ways. Check out this article for details: https://t.co/G7BHuQnDS6,,17
1789008,1789006,Tue Oct 17 23:47:27 +0000 2017,@AppleSupport so i pay for songs &amp; download them on my phone via itunes &amp; yet i can't download them onto my computer without rebuying? WHY,@537399 Thanks for reaching out. Let's double-check to ensure that we're using the same Apple ID on both devices.,,26
2945664,2945662,Wed Nov 29 13:27:22 +0000 2017,@AppleSupport my baby sister accidentally purchased an app . I don’t plan on using it. Could I please get a refund?,"@813652 If you didn't authorize a purchase on your device, the link below can show you how to report this: https://t.co/A5QhKRZhQQ",,21
1792567,1792564,Fri Oct 13 01:08:01 +0000 2017,@115858 yo ur updates fucking up my phone. This is what you guys specialize in.. any answers?,@538403 Let's see if we can help. What iPhone model and iOS version do you use? What issues are you seeing? Feel free to DM us. https://t.co/GDrqU22YpT,,17
1225254,1225252,Wed Oct 25 16:03:45 +0000 2017,@AppleSupport U better fix ios11 updates. I have to recharge my IPhone6 battery 3 times in a day or more and performance is poor vs ios10.,@407450 We're here for you. Can you let us know which version of iOS 11 you're running? You can check from Settings &gt; General &gt; About.,,26
2453296,2453295,Sun Oct 29 18:25:22 +0000 2017,My Apple Watch doesn’t track exercise or activity properly at all. Will Apple actually do anything?? @AppleSupport,@702857 We are here to help. What kind of Apple Watch and iPhone do you have?,,17
2054487,2054486,Thu Oct 05 04:53:07 +0000 2017,"THE IOS11 UPDATE IS A GARAGE FIRE. I CAN'T MAKE CALLS OR OPEN APPS AND IT SHUTS OFF EVERY 5 MINUTES. WYD, @AppleSupport","@607618 We know it's important for your iPhone to work the way you expect, and we're here for you. Send us a DM. We'll meet you there. https://t.co/GDrqU22YpT",,23
851726,851728,Fri Oct 20 15:31:07 +0000 2017,@AppleSupport 😶I have no idea.. and if it were I don’t know what password it would be other than using just my iTunes account password,@322319 Let's use the information in the following article to see if that backup is encrypted: https://t.co/s6tdVStcb2,851725.0,25
2095264,2095263,Tue Oct 10 09:15:57 +0000 2017,WHY IS MY IPHONE CHARGING SO SLOW?! @115858 👿,"@619000 We'd like to look into this. Let us know in DM if you're using an Apple certified charger, and how long it takes to charge. https://t.co/GDrqU22YpT",,9
2121540,2121539,Wed Nov 08 09:54:47 +0000 2017,@AppleSupport is new update coming to fix battery issues mobile is permanently on charge feels more like a landline.,@625054 We're happy to assist. Which iOS version are you currently running? Go to Settings &gt; General &gt; About for the version. DM us. https://t.co/GDrqU22YpT,,19
246534,246535,Thu Oct 05 13:56:38 +0000 2017,Arreglame la batería y el Bluetooth xfi @115858,@174557 We offer support via Twitter in English. Get help in Spanish here: https://t.co/IBIY3vMgPj or join https://t.co/OczyRx7IOs,,8
301871,301869,Fri Oct 06 17:58:22 +0000 2017,@AppleSupport is it possible to change the sound effect on #AppleWatch for when I get a text message?,"@188021 While you cant change the sound, there are steps to adjust those notifications. Check this out: https://t.co/VcDfrDZlC2",,18
1086859,1086858,Mon Oct 23 18:26:05 +0000 2017,@115858 when is the update coming to stream all music on the watch??,@229525 We're always looking to build upon what we do. Let us know how here:https://t.co/COdRauyDaU,,13
2292821,2292820,Sat Nov 11 19:59:01 +0000 2017,@665839 @115858 Yeah they fucking suck my phone has never run so slow. I️ can guarantee this wouldn’t happen with a galaxy,@665838 We'd be happy to look into this issue with you. Please meet us in DM and we'll continue there. https://t.co/GDrqU22YpT,2292822.0,22
1455343,1455341,Thu Nov 02 12:34:44 +0000 2017,"@AppleSupport my rear facing camera and flashlight don’t work at all and I can’t FaceTime. The camera isn’t cracked, what could be wrong?","@457786 We'd love to see how we can assist. Take a look at this article, and let us know if this helps: https://t.co/r1DRfaFLIU",,23
2398168,2398166,Tue Nov 14 04:22:52 +0000 2017,"@AppleSupport I've been editing some videos on Premiere and iCloud just deleted them, and now the won't download! I need to work... What the hell am I supposed to do?","@690182 So you were editing and saving to iCloud? On what device? If you sign in to https://t.co/tmRhWEkIq4 and check in the Documents app, do you see your files there?",,30
2792031,2792028,Tue Nov 21 20:25:17 +0000 2017,"@AppleSupport text messages aren’t being received through my phone, they take over an hour to come through, same problem with my friends phone, have restarted my phone multiple times and updated it fully",@779225 Thanks for reaching out. You've done some great steps so far. Does this happen in different locations? When did this start happening?,,33
1593259,1593257,Sat Nov 04 21:55:39 +0000 2017,@AppleSupport my iphone6s is super slow and most of the apps crashing ever since u put iOS11.. even battery drain in 2 hours,@489676 We'd like to help with this today. What version of iOS shows in Settings &gt; General &gt; About?,,23
87148,87147,Thu Nov 30 08:18:56 +0000 2017,The fact that my iPhone gets hot as shit all the damn time. @115858 y’all really have to do better 🙄.,@135069 We’re glad you reached out! We’d like to take a closer look at this issue with you. Let us know which version of iOS you’re running in DM. We’ll continue working with you there. https://t.co/GDrqU22YpT,,21
888060,888062,Fri Oct 13 23:45:24 +0000 2017,@AppleSupport it keeps saying “no service” or “searching” so my phone will only work when connected to WiFi,"@330863 Let's get that fixed. If you see No Service or Searching on your iPhone or iPad, follow these steps https://t.co/5KootZbxj1",888059.0,18
1813726,1813725,Sun Oct 15 08:50:46 +0000 2017,Omg! What happened to my #applewatch @115858 @AppleSupport ??? Battery problems maybe?? https://t.co/zwL3EgKgSA,"@544879 We'd like to investigate that with you. Were you wearing it or did you come to find it that way? DM us back, we'll continue there. https://t.co/GDrqU22YpT",,13
1924789,1924791,Thu Nov 16 21:30:23 +0000 2017,@AppleSupport Oh hi! Yes definitely. Paid for extra storage and it’s just not backing up. Also Want to talk abt how I have to cross my fingers and hope I get a replacement IPhone X today for my 6 day old iPhonex bc receiver is effed 2? No proper replacement for me bc no1 has stock. Cheers.,"@277657 Has the device been restarted since it happened? If not, let's do that using these steps: https://t.co/OWRDHWSt4h",1924788.0,57
1900415,1900414,Mon Oct 23 23:01:43 +0000 2017,Just lost 55% battery in an hour of usage. The iOS update is making me regret ever getting an iPhone. @115858,@566340 We know how important battery life can be. Let's help. Please DM us and we can go from there together. https://t.co/GDrqU22YpT,,21
1006092,1006091,Sun Oct 22 18:51:48 +0000 2017,@AppleSupport I just had a strange behaviour with FaceTime. I was calling someone from my Addr. Book and someone else was getting the call!,"@358116 We'd be happy to take a closer look at this with you. Send us a DM, and we'll continue from there. https://t.co/GDrqU22YpT",,24
995568,995567,Sun Oct 22 09:51:25 +0000 2017,"@AppleSupport iPhone 8 on latest IOS, screen auto lock doesn’t work","@314193 If you go to Settings &gt; Display &amp; Brightness, what is Auto-Lock set to?",,11
1202865,1202867,Wed Oct 25 14:10:13 +0000 2017,"@AppleSupport fine @AppleSupport , I can write it in english. Where will you give us solutions with the iOS 11 battery problems/issues? Thanxx. Rly angry😠",@402592 Thanks! We can certainly help. Which iPhone do you have and what version of iOS do you have installed currently? Is it iOS 11.0.3?,1202864.0,25
2727034,2727035,Mon Nov 20 17:44:34 +0000 2017,"@AppleSupport Well I tried some tips I got and it started charging at 20% for more than 30 minutes now, it's gone down to 19%. I don't understand why.","@331949 Thanks for keeping us updated. Can you tell us how you’re charging your iPhone? For example, a wall outlet, computer, or a different way? Direct Message us your reply using the link below: https://t.co/GDrqU22YpT",2727033.0,29
1092205,1092207,Fri Oct 13 20:13:41 +0000 2017,"@AppleSupport 11.0.3. I’ve tried the background app refresh, brightness, notifications, nothing has helped so far...",@377721 Thanks for confirming and trying those steps. Please let us know in DM how long ago you installed this iOS update. https://t.co/GDrqU22YpT,1092204.0,15
2624906,2624905,Mon Oct 30 22:59:30 +0000 2017,"iTunes just deleted 1,300+ songs from my library.... wtf! 🤬🤬🤬 thanks @115858",@741480 Let's look at this together. Which device are you using? Do you have Apple Music?,,12
1962185,1962184,Mon Oct 30 23:41:42 +0000 2017,"@AppleSupport please fix the 11 upgrade. Keeps dropping calls, terrible reception and juices battery. I’m ready for a Samsung",@581863 These are not issues you should have and we're here to help work towards a resolution. Join us in a DM here: https://t.co/GDrqU22YpT,,19
1516202,1516204,Fri Nov 03 21:28:46 +0000 2017,@AppleSupport 11.0.3,"@471784 Thank you. We’d love to help further. To start, please send us a DM. https://t.co/GDrqU22YpT",1516201.0,2
2678272,2678270,Sun Nov 19 04:12:29 +0000 2017,@AppleSupport can someone explain why none of my notifications are coming through when I’m actively using my phone?,"@744583 That's a great question. Let's work together to figure out what's going on. To get started, let us know which device is affected and what the exact iOS version installed is. You can check under Settings &gt; General &gt; About.",,18
1896346,1896345,Tue Oct 24 13:52:29 +0000 2017,@AppleSupport battery life now stinks bad!!! 3 hours 100% to 0 !!!!!!,@565216 We want to help. Please DM us details of the apps you're using and let us know which country you're in. Will help there. https://t.co/GDrqU22YpT,,12
2080743,2080742,Mon Oct 09 20:45:42 +0000 2017,Bloody iCloud how is this supposed to be easy #help @AppleSupport,@615313 We'd like to help. DM us details on the issues you're having with iCloud and we'll work with you towards a resolution there. https://t.co/GDrqU22YpT,,11
1178389,1178388,Sun Oct 15 17:46:32 +0000 2017,@AppleSupport Have to “renew lease” or disable WiFi and then enable.,@167317 Let's dig into this further over DM. Please message us there: https://t.co/GDrqU22YpT,1178390.0,11
1760311,1760310,Tue Nov 07 22:38:11 +0000 2017,I did everything! Verify update not working. “No longer connected to the internet.” How the f can I tweet then? @AppleSupport #dissapointed,@529811 We'd love to help. Does the issue occur with other Wi-Fi networks?  DM the answer below. https://t.co/GDrqU22YpT,,22
1492634,1492633,Sun Nov 12 06:57:53 +0000 2017,@AppleSupport autocorrect likes to correct words to random things. Like more always goes to Moré I have never once needed to type Moré. How do I fix this? I checked in text replacement and I’ve been through the keyboard settings but I haven’t found a way to solution. Any ideas?,@466624 We'd like to look into this with you! Join us in DM with the iOS version currently installed on your device. We can continue troubleshooting from there. https://t.co/GDrqU22YpT,,50
1497979,1497978,Fri Nov 03 03:21:16 +0000 2017,FUCKING TIRED OF THESE QUESTION MARKS !!!! @115858 FIX THIS SHIT,@467800 What iOS version are you currently on? Let us know in Direct Message and we'll take a look. https://t.co/GDrqU22YpT,,11
32430,32429,Wed Nov 01 04:53:50 +0000 2017,@AppleSupport what’s going on with this issue???,@123191 Tell us more about what's happening. Please send us a DM with additional details. https://t.co/GDrqU22YpT,32431.0,7
2488718,2488717,Wed Nov 15 15:42:25 +0000 2017,iOS still has bugs. Wish I could downgrade back to 10.3  @AppleSupport https://t.co/1UnsRbppim,@606530 We can help. Check out this article on the Accessibility feature called Reachability: https://t.co/MWyrI4JKD1  Let us know if you need any further assistance.,,13
2815588,2815587,Mon Nov 27 02:49:33 +0000 2017,@784955 @115858 My 8 plus still glitches. It’s the update that sucks,@660522 We'd like to look into this further. Please DM us to continue working on this. https://t.co/GDrqU22YpT,2815589.0,12
331690,331689,Fri Oct 06 17:32:31 +0000 2017,@AppleSupport iMessage has logged me out about 40 times today &amp; I've spent too much of my life trying to sign back in with new passwords 😫😫😫,@194984 We want to be sure you can use iMessage as expected. Are you using a Mac or an iOS device?,,27
902853,902854,Thu Nov 02 17:07:56 +0000 2017,@AppleSupport With the original charger. There is nothing wrong with the cable.,@334329 Let's work through the steps here: https://t.co/WIvZlsk5oQ https://t.co/GDrqU22YpT,902852.0,12
1136048,1136050,Sat Nov 25 18:52:34 +0000 2017,@AppleSupport Ever since I ran the update the battery drains quickly. If I take a photo it drains from 90% to 30%.,"@387644 Got it. Please DM us and let us know which iPhone you're using, and the version number of iOS installed. This can be found under Settings &gt; General &gt; About. https://t.co/GDrqU22YpT",1136047.0,22
2729051,2729050,Mon Nov 20 13:23:00 +0000 2017,"@115858   Très déçu par votre service technique, incapable de régler un problème d’identification d’adresse iCloud depuis des mois!",@765163 We offer support via Twitter in English. Contact us for help in your preferred language here: https://t.co/IBIY3vMgPj,,18
1332336,1332335,Mon Oct 16 04:38:07 +0000 2017,come on @115858 help out your insomniacs &amp; create a “queue to text” every other social media has it; I wish I had it for my texting 😭😭#apple,@430815 Thanks for bringing this to our attention. Please use the following link to provide us with feedback: https://t.co/ODFtc9V7Tq,,28
35257,35256,Tue Oct 31 14:05:21 +0000 2017,"@AppleSupport If I open Safari, for example, a message appears which says that there is no internet connection.",@123683 Are you able to connect when using Wi-Fi? Are you able to make and take calls?,35258.0,18
2149109,2149111,Thu Nov 09 00:53:28 +0000 2017,@AppleSupport It’s every damn time i update my phone it crashes. How about stop having updates all the damn time?!,"@631625 We're happy to help. Please DM the iPhone model, iOS version, and your country so we can find the options to serve you best. https://t.co/GDrqU22YpT",2149108.0,20
2371076,2371075,Tue Nov 14 00:25:56 +0000 2017,"@AppleSupport Your systems status says iCloud is up, but I'm trying to restore phone from iCloud backup and I'm unable to connect to iCloud (on WiFi or on cell data). Also unable to login to https://t.co/9xBSntxtDH on computer. Error msgs say issue connecting to iCloud servers.",@684179 Thanks for reaching out to us. We'd like to help you and look into this iCloud issue further. Please DM us to continue working on this. https://t.co/GDrqU22YpT,,46
1297975,1297974,Thu Oct 26 21:48:41 +0000 2017,"@115858 since the last software upgrade, my phone is slow, keep loosing WiFi connection, messages are not being received. How can I fix this?","@423341 We can help you fix it. DM us the version of iOS 11 your iPhone is on, and we’ll take it from there. https://t.co/GDrqU22YpT",,24
1757677,1757676,Tue Nov 07 17:33:53 +0000 2017,@AppleSupport when can we expect a solution to this issue with the I️,@529173 Here’s what you can do to work around the issue until it’s fixed in a future software update: https://t.co/xXaXeeSRt9,,13
2872557,2872556,Tue Nov 28 03:15:46 +0000 2017,"@AppleSupport iMessage isn’t working through my Apple Watch, yet it’s turned on? What do I do?",@797551 We'd love to help out with iMessage! Which model Watch are we working with? Does iMessage work on the iPhone it's paired with?,,16
9237,1977438,Wed Nov 01 19:24:44 +0000 2017,"@AppleSupport Nothing works with last update.Cannot open app store, twitter search doesn't work.. Wtf???",@254077 Let's work to help get these issues resolved. Which device is this on &amp; what version of OS is installed? Tell us more in DM. https://t.co/GDrqU22YpT,9200.0,14
1179747,1179744,Tue Oct 24 21:23:43 +0000 2017,@AppleSupport is there something up with iCloud music library? Been uploading 3 songs and it’s taking over an hour...,@397449 We'd like to see how we can help with this. Which device are you currently using?,,19
1833589,1833588,Wed Oct 18 05:46:32 +0000 2017,Ok @115858 I spent $1070 on the new iPhone and i didn’t even have as many problems with my iPhone 6 after 2 years wyd,@550036 We want you to get the most out of your new phone! Let us know what kind of issues you're having in DM so we can better assist. https://t.co/GDrqU22YpT,,25
1405441,1932927,Sat Oct 28 20:46:05 +0000 2017,@AppleSupport Hi Apple Support please I have a problem every time iCloud team send me an mail I don’t understand the language plz help me and thanks,@575190 Hey there. We'd like to look into this with you. Share with us in DM which country you are located in to start. https://t.co/GDrqU22YpT,1405358.0,27
1900121,1900120,Mon Oct 23 22:15:43 +0000 2017,@AppleSupport Smart Keyboard cover keeps disconnecting from my iPad Pro. Have to restart often. Read about issues... https://t.co/uHMXBEa8eM,"@566263 We'd be happy to look this over with you. Please meet us in DM with more detailed information, so we may better assist. https://t.co/GDrqU2kzhr",,18
2406692,2406691,Tue Nov 14 13:37:47 +0000 2017,Yes and I don’t know why? 2nd straight day @AppleSupport https://t.co/D44NGWSLqs,"@692145 We know it's important for your alarms to work as expected, and we're here for you. To get started, send us a DM with the iOS version your iPhone is currently running. We'll meet you there. https://t.co/GDrqU22YpT",,11
2509411,2509410,Wed Nov 15 21:11:31 +0000 2017,@AppleSupport iTunes doesn’t accept my PayPal account as my payment method can you please help,"@261806 We'd like to look into this for you. Please check out the ""PayPal"" section here: https://t.co/QlgvVVFJem  If you're still running into trouble, please DM us the details of what you're experiencing and we'll go from there. https://t.co/GDrqU22YpT",,15
718491,718493,Fri Oct 06 17:12:08 +0000 2017,@AppleSupport What? If I bought any app INTO AppStore — YOU are maintainer for this deal and I will ask to you about licensing issues.,@292028 Working with the developers of this third party app is going to be the best way to resolve the questions you have.,718490.0,25
1616900,1616899,Sat Nov 25 04:37:52 +0000 2017,@AppleSupport totally Intolerable  service is provided by @17257 NSP. Phone is having battery issue nd they have changed the display nd now same problem is still there nd it is dropping network also. Need solution on priority.,@495816 We want to see your iPhone repaired and working for you as soon as possible. We'd like to know more about what's going on. Let's chat over in Direct Message. https://t.co/GDrqU22YpT,,37
1183760,1183759,Sat Nov 04 13:23:28 +0000 2017,@115858 can you please fix the keyboard on our phones? Can’t write a single sentence with i capitalized without it inserting a symbol instead,"@398352 Thanks for reaching out. If you're on iOS 11.1, try this: https://t.co/MaraeomA15 Questions? Feel free to send us a DM. https://t.co/GDrqU22YpT",,24
1599728,1599727,Sun Nov 05 01:33:10 +0000 2017,My keyboard doesn’t work... why! @115858 fix it!,@491224 We'd like to help with that. DM us and let us know what device you're using when this happens. https://t.co/GDrqU22YpT,,8
1835634,1835632,Wed Oct 18 15:14:55 +0000 2017,@115858 Bullshit u can’t even get cellular working with new watch on EE absolutely shocking to bring a watch out that doesn’t work.,"@550478 We want to help. Please send us a DM with a few details about what you're experiencing, so we can take a closer look. https://t.co/GDrqU22YpT",1835638.0,23
2349456,2349454,Mon Nov 13 16:09:36 +0000 2017,"hey, @AppleSupport can you help me out with a bug I’m experiencing in the Messages app",@679128 We can certainly help with any issues you maybe having. Let us know exactly what is going on and we'll get started through troubleshooting from there.,,16
2512274,2512273,Wed Nov 15 21:57:18 +0000 2017,@AppleSupport reset my ipad (thats only ever belonged to me) after putting in my icloud and apple ID passwords. Now the activation block is on and won't let me access my ipad? saying that its not connected to the same apple ID i just put the password in to reset it? help,"@715995 We’d love to help with your iPad. Have you had a chance to visit https://t.co/tmRhWEkIq4 and remove the device from your account? Steps can be found at the bottom, here: https://t.co/9Wfw6Be2P1 Please send us a DM confirming the software version if we can help further. https://t.co/GDrqU22YpT",,52
561755,561757,Sat Dec 02 23:19:17 +0000 2017,"@AppleSupport Thanks for the fast response. I read the article , whilst the translation in part is correct it deviates to the Spanish message where it clearly says once you turn off Bluetooth (with few exceptions) you won’t be able to turn it on again until tomorrow.",@251454 We appreciate your feedback on this. You should be able to engage your Bluetooth again by following any of the suggested steps in that article. DM us if you have any other questions. https://t.co/GDrqU22YpT,561754.0,47
1891150,1891149,Sun Oct 22 19:19:03 +0000 2017,"@AppleSupport I want to add my voice to the critique of #ios11. Since installing on iPad apps and pages launch slower, battery drains faster","@563952 We'd like to take a look at this issue with you. Meet us in DM, tell us in which country you are, and we'll get started. https://t.co/GDrqU22YpT",,24
1402215,1402213,Sat Oct 28 16:55:10 +0000 2017,"Hmmm, everytime a new iPhone comes out mine mysteriously acts on its worst behavior. Not fooling me @115858","@446022 Tell us about what you’re noticing with your iPhone, and we’ll partner to work towards a resolution.",,18
1932778,1932780,Wed Oct 18 15:38:39 +0000 2017,@AppleSupport 11.0.3 on iPhone 7,@323545 thanks for following up. Send us a DM so we can keep working with you there. https://t.co/GDrqU22YpT,1932777.0,5
2422501,2422500,Tue Nov 14 18:08:21 +0000 2017,Hey @AppleSupport. You think that bug where your phone will open up while you’re trying to type a message in Notification Center will fixed? That’s getting really old.,"@695780 Hey there! We'd like to get more information about the issue you're experiencing. Please send us a DM with more specifics, so we may better assist. https://t.co/GDrqU22YpT",,28
413124,413122,Tue Oct 10 01:00:33 +0000 2017,@AppleSupport HELP! Phone CONSTANTLY freezes and apps (even native ones) frequently crash &amp; don't load. Running 11.0.2 on iPhone 7.,@213604 We'd love to help. Does restarting the phone seem to improve or resolve the issue? DM the answer below. https://t.co/GDrqU22YpT,,20
1877318,1877317,Fri Oct 20 23:45:53 +0000 2017,@115858 your latest IOS version is shit! Phone gets frozen every second app I open #newIOSIsShit,@560386 We'd like to help. We certainly want your device to work as expected after an update. Please send us a DM to get started. https://t.co/GDrqU22YpT,,16
2304906,2304905,Sun Nov 12 18:56:01 +0000 2017,So the update didn't fix things...#iPhone7Plus #iOS11 @AppleSupport https://t.co/noXwzCaXsy,"@668742 Are you just seeing where other people have typed, or is it happening when you type new messages? If it's only when seeing other people's messages, that means that the issue is on their device, rather than yours. DM if you still need help. https://t.co/GDrqU22YpT",,9
2052910,2052909,Fri Oct 06 00:15:25 +0000 2017,@115858 there is no reason why my phone battery should go from 66% to 53% charged in 30 sec. On to @125607. Tired of this crap.,@607127 Many factors can affect battery life. Try using these steps: https://t.co/bivpdfBNJ6 DM us if you still need help. https://t.co/GDrqU22YpT,,26
58845,58844,Wed Nov 01 19:54:41 +0000 2017,@AppleSupport most recent iPhone update switches WiFi &amp; Bluetooth on automatically. V.annoying! Is there a way to stop this? #ItAteMyBattery,@129400 This may be expected behavior. Check out this support page about how to use Control Center in iOS 11: https://t.co/G7BHuQnDS6,,20
771384,771382,Thu Oct 12 00:08:23 +0000 2017,Anyone else having serious issues since doing the latest iOS update?  Nothing but issues over here @115858 #notimpressed #itscraptastic,@304229 We'd love to help. DM us the issues you are experiencing specifically and we can go from there. https://t.co/GDrqU22YpT,,19
560404,560407,Sat Dec 02 22:35:37 +0000 2017,"@AppleSupport I got off of a flight 2 days ago, and ever since then my phone has been stuck on “no service” or “searching” instead of giving me service. I can’t update or wipe the phone it won’t let me. And I can’t reset my network setting either. My phone just freezes.","@251095 Sounds like you've tried a lot of great troubleshooting. Let's move to DM for a closer look. When you got your new iPhone, did you set up as new or restore a backup? https://t.co/GDrqU22YpT",560403.0,52
864465,864464,Fri Oct 20 05:43:46 +0000 2017,@115858 needs to fix the notifications Center I can’t even slide my text down without it closing anymore!,@325311 We'd be happy to look into what's going on. Which iPhone and iOS version are you using?,,18
954278,954277,Sat Oct 21 19:10:09 +0000 2017,@AppleSupport @233306 Do I need a Philips Hue Smart Bridge to use the Philips Hue lightbulbs or can I use just use an Apple TV 4th gen?,@346427 We recommend contacting the manufacturer of that product to determine the requirements of its use for accuracy.,,27
1864520,1864519,Fri Oct 20 13:19:35 +0000 2017,"@AppleSupport Why do I have to login THREE times everytime I start iTunes 12.7.0.66 on my Windows PC? First and third without title, second with ""iCloud Music Library session expired"" message. (See screenshots for both types of dialogs) https://t.co/MPIiaH5u9l","@557054 If your session expired, it is expected to sign in again with your Apple ID credentials. Meet us in DM so we can continue helping. https://t.co/GDrqU22YpT",,39
1557797,1557796,Tue Nov 21 14:54:33 +0000 2017,"@AppleSupport my iPhone says I have no space left in iCloud, and i have made no backups. When I try to clean iCloud Drive I can’t. Plus I shouldn’t have data there, as I deleted it. https://t.co/1mUbCFCpi6",@481515 We understand how important it is for your iCloud storage to work correctly. We're here to assist. Please meet us in DM and we'll work towards a resolution together. https://t.co/GDrqU22YpT,,37
1062369,1062368,Sat Oct 14 21:53:17 +0000 2017,Love this @115858 update. Having the time of my life with my vastly reclining battery. Sort it out #TaVeryMuch,@370843 We'd love to work with you to find a solution. What type of device are you using? Let us know via DM. https://t.co/GDrqU22YpT,,19
2302679,2302680,Sun Nov 12 16:02:35 +0000 2017,@AppleSupport Have done this several times over and it makes me go around in circles. Been trying to recover my Apple ID for 3 weeks. Your email says expect recovery at a certain time but nothing happens!!,@668198 The security of your account is important to us. Contact our Account Security team via: https://t.co/UJm15vmMM2,2302681.0,37
1980446,1980445,Tue Oct 31 21:50:10 +0000 2017,"@AppleSupport As I said, I can't access my text messages. Got a new phone but can't do anything until I have activation code",@344682 Understood. Are you able to log in to https://t.co/bq19gX3X68? Let us know in DM. We can continue there. https://t.co/GDrqU22YpT,1980447.0,23
927947,927946,Fri Oct 13 22:32:32 +0000 2017,How you unlock someone's icloud out your phone.. if they don't remember there intimation at all @AppleSupport,"@340172 We'd like to help. If that person needs their account reset, have them do so with these steps: https://t.co/fJnZYmbI9N",,17
334923,334921,Sat Oct 07 18:57:29 +0000 2017,@AppleSupport I woke up today to see my photos disappear . I use iCloud services on a 6S . From several thousands to 100 what’s up ?,"@195817 We know how important photos are! If you go to https://t.co/coj9FJKJWV on a computer, do your pictures show up there?",,27
1761101,1761100,Tue Nov 07 18:40:25 +0000 2017,"Eben noch @115858 gelobt und nun,... update, fucked up, try to restore. 🙈  Und JA:die MacBook-Kamera ist schlimmer Schrott. Aber sonst gehts. https://t.co/Hn4GRxmRCF",@529989 We offer support via Twitter in English. Contact us for help in your preferred language here: https://t.co/IBIY3vMgPj,,23
2500955,2500954,Wed Nov 15 18:49:48 +0000 2017,@115858 I am about a minute from cancelling my $1500 iPhone X order due to the rudeness of the person I spoke with re: an alleged problem with my order. Anyone willing to help???,@713448 This isn't the kind of experience we want you to have. Please DM us more about what happened. https://t.co/GDrqU22YpT,,34
2041623,2041621,Wed Nov 08 02:59:45 +0000 2017,@AppleSupport Something is wrong with your update verification server. Check out this message. Also I deleted and reinstalled the update and have internet. Thanks. https://t.co/hIrBmSMMLd,"@603667 We can help. Try these steps, DM us if you need more help. Get help with the over-the-air update here: https://t.co/Ui1yTnOCUz https://t.co/GDrqU22YpT",,25
264821,264820,Sat Oct 07 14:36:59 +0000 2017,Post #ios11update I love having to charge my phone by noon. Thanks @115858 @AppleSupport. Just keeps me closer to home.,@179079 This article will help maximize your iPhone’s battery life: https://t.co/bivpdfBNJ6 If you need more assistance? DM us. https://t.co/GDrqU22YpT,,20
974467,1067797,Mon Oct 23 14:41:40 +0000 2017,@AppleSupport Why I can’t switch of Wifi&amp;BT in the Control Center? It’s only disconnecting it = Wasting energy + continues tracking customer ☹️ it’s bad,"@371976 For more info on the changes to Wi-Fi and Bluetooth within Control Center, check out: https://t.co/G7BHuQnDS6",974435.0,25
1505578,1505579,Sun Nov 05 07:02:03 +0000 2017,@AppleSupport Ok sir now it’s work connect with my real wifi thanku,"@469420 We're always happy to help! Feel free to reach out if you have any future questions, or concerns! https://t.co/GDrqU22YpT",1505577.0,12
2297582,2297581,Sun Nov 12 04:27:14 +0000 2017,"@115858 I’ve had 2 pairs of apple ear phones so far, and I’ve only had an iPhone 7 for around 5 months. They just stop working and I can’t even buy cheap off brand ones cause of the weird cable thing. Why?! 😩",@666978 We can understand wanting your EarPods to work as long as possible. We’d like to see what service options are available for yours. DM us what country you’re located in to proceed. https://t.co/GDrqU22YpT,,43
2838727,2838726,Mon Nov 27 15:04:23 +0000 2017,Dear @115858 FIX THE FACT THAT MY PHONE WONT STOP RANDOMLY RESTARTING ITSELF!! pls&amp;thx,"@790020 We're here to help! Which type of iPhone is this occurring on? Do you know which version of the iOS is installed? Let us know via DM, then we can go from there. https://t.co/GDrqU22YpT",,14
2077988,2077987,Mon Oct 09 11:13:14 +0000 2017,Anyone else experiencing this @115858 @AppleSupport error? Can't use data for my other apps 😢 https://t.co/mo59pYAkJE,@614578 Let’s look into this together to find the best solution for you. Reach out to us in DM and we will help. https://t.co/GDrqU22YpT,,16
848283,848282,Fri Oct 20 12:26:13 +0000 2017,"Dear @AppleSupport, ever since I upgraded to #ios11 my battery drains overly quickly. Please sort this bug out asap. Many thanks",@321594 We'd like to look into this battery drain issue with you. DM us using the link below. https://t.co/GDrqU22YpT,,21
2185395,2185394,Thu Nov 09 06:10:09 +0000 2017,@AppleSupport with iOS 11.1 I turn my Wi-Fi off from the control center and after a while it is back on (why?) and it doesn't connect to my home wireless network (also why?),"@154498 Using the control center does not completely turn off the Wi-Fi connection, it disconnects temporarily. Here’s a link that'll help: https://t.co/G7BHuQnDS6  For your home network, does it connect if you go into Wi-Fi settings and select it?",,33
1760346,1760345,Tue Nov 07 22:18:46 +0000 2017,@AppleSupport iOS11.1 Unable to Verify... No internet connection when clearly there is. iTunes no longer recognises my phone. #HaveYouGotMyBack https://t.co/8xmn6E140N,@529821 We're happy to help. Send us a DM letting us know what your current iOS version is. We'll go from there. https://t.co/GDrqU2kzhr,,20
966838,966840,Sun Oct 22 07:18:34 +0000 2017,@AppleSupport Thank you for your message! My photos eventually downloaded themselves from iCloud!  Thanks again! 😊,@349466 We're glad to hear that. Reach back out if you need anything in the future.,966837.0,16
1500015,1500014,Fri Nov 03 07:26:01 +0000 2017,@AppleSupport I just received this text... can you tell me if this is real?! https://t.co/KOJ06QhfA0,@468253 You are right to question this message. Here's how to report SPAM or junk messages: https://t.co/rYxZGDk3Lz,,15
2143362,2143361,Wed Nov 08 21:00:53 +0000 2017,@115858 you really don’t piss me off much but this text glitch is annoying I️ I️ I️ I️,@630163 Here’s what you can do to work around the issue until it’s fixed in a future software update: https://t.co/xXaXeeSRt9,,18
1118097,1118095,Sat Oct 14 20:57:54 +0000 2017,"Around 50 tracks I can't download from iCloud, around 30 is just wrong. Nice work, @115948! Can someone from @AppleSupport help?",@383819 We're here to help you get back to your music. Which device are you using with Apple Music?,,21
2113794,2113793,Wed Nov 08 14:48:19 +0000 2017,I lost over a 100 contacts when I reset my phone cause apparently not all of them saved into iCloud 🙃 sos @AppleSupport,@528354 We'd like to help with this. Were the contacts saved on the iPhone itself or with a different account?,,23
2517051,2517050,Wed Nov 15 22:58:24 +0000 2017,So my phone won’t call or receive calls from anyone… And the battery went from about 35% down to 1% in just a few minutes. What is going on? @115858,@717000 Let's look into that. Send us a DM and we'll go from there. https://t.co/GDrqU22YpT,,30
1597280,1597281,Sat Nov 04 18:46:22 +0000 2017,Wow shoutout @115858 won't allow me to update iTunes so I can't even use my phone,@473640 We'd like to help. What happens when you try to update iTunes? Is there an error message?,,16
495160,495158,Fri Dec 01 17:15:10 +0000 2017,Of all the features why does the phone app have to be totally broken @115858.  sigh!,"@233077 We know how important the Phone app is for staying in contact with friends and family. Tell us more about what you're experiencing, so we can fix this as soon as possible.",,16
548160,548159,Sat Dec 02 11:39:17 +0000 2017,Aaaargg! @AppleSupport Just spent an hour trying to get into my new iPhone X due to your freaking Dec 2 bug! #quality of latest code drops are not good. #not happy,@247555 We understand your frustration and would love to help. You can follow the steps in this article to get your iPhone updated to iOS 11.2 which should resolve the issue. Make sure you backup first to be on the safe side. https://t.co/osZOKKTalm,,31
1203406,1203404,Sun Oct 15 22:14:03 +0000 2017,Alright @117735 and @AppleSupport. MY iPhone 5s always drops my home wifi. But no where else. Whose fault is it? Getting really annoying.,@402707 We want to help.  What version of iOS is on your iPhone?  Does the issue happen on any other Wi-Fi network?,,23
601355,601354,Sun Dec 03 04:07:06 +0000 2017,Hey @116333 and @AppleSupport what in God’s name is going on in Cupertino? I let the MacOS High Sierra bug slide by. But now you updated iOS to 11.2 without the features claimed and pretty much hobbled Maps with messed up GPS info. You are better than this!,"@262661 Hey, Dan. We'd like to make sure Maps is working as expected for you. DM us details of what's going on, and we'll continue there. https://t.co/GDrqU22YpT",,48
690365,690364,Wed Oct 18 10:19:16 +0000 2017,"@AppleSupport Just fix this damn update, it’s draining my battery in a second while i’m typing. Man am switching to Samsung soon. #smh","@284969 We'd like to help you with your battery life issues. Please, meet us in DM at the link below so we can gather more details there. https://t.co/GDrqU22YpT",,23
1123153,1123155,Sat Oct 14 13:56:56 +0000 2017,@AppleSupport DM? Why not here? Is it because the public can see what’s going on?,"@384882 We want to make sure your personal details are kept as secure as possible. If you'd like to continue, send us a DM. https://t.co/GDrqU22YpT",1123152.0,15
1920090,1920092,Wed Oct 18 14:51:25 +0000 2017,@AppleSupport I have held the volume button and the side button but nothing happens. I’ve plugged it to a different charging cable and nothing.,"@571619 We’d love to help further. To start, send us a DM letting us know in which country you are located. https://t.co/GDrqU22YpT",1920089.0,24
656239,656238,Thu Oct 05 04:19:14 +0000 2017,All my pictures have been deleted because of this fucking update! I’m so upset!!!! No word. @115858,@276125 We'd love to help in any way we can. Do you recall if iCloud Photo Library was enabled? Here's a guide: https://t.co/8YUslsnsM5,,17
764847,764849,Wed Oct 11 21:56:09 +0000 2017,"@AppleSupport I clicked on it about 15 minutes ago. I have a stable internet connection, a lot of phone storage, and my phone is charging. What’s wrong?",@302805 Are you receiving an error message after clicking on the update? This may help: https://t.co/Ui1yTnOCUz,764846.0,27
248195,248192,Thu Oct 05 15:26:57 +0000 2017,@115858 iOS 11.2 drains battery and takes forever to recharge. Please fix this!,@174966 We're here for you! We've received your DM and will continue with you there. https://t.co/GDrqU22YpT,,13
2476093,2476092,Wed Nov 15 06:43:29 +0000 2017,Really considering saying fuck @115858 cause my IPhone ain’t working correctly,@401993 What issues are you having? We'll help out.,,11
2402196,2402194,Tue Nov 14 06:44:09 +0000 2017,@AppleSupport whats with the imessage issue? Some of my texts are imessage some are green 😩 #help #imessageissues,"@691117 Hey, there. We can take a look to see what's going on with Messages. To clarify, is your conversation between one person switching from iMessage to SMS? Which device are we working with and what's the exact iOS version?",,18
2371061,2371059,Tue Nov 14 00:33:19 +0000 2017,@AppleSupport Keep getting this message when trying to access the iCloud website on my windows desktop. Also not able to sign in to the iCloud app also on my desktop. Help? https://t.co/UpBczKJfAP,@684173 We'll be happy to assist. When did this start happening for you? Are you trying to connect through a cellular connection or over Wi-Fi?,,32
1020991,1020990,Sun Oct 22 22:10:17 +0000 2017,@115858 -  Apple TV is now unusable. Password verification is buggy and stupid. Wasted hours of a beautiful day trying to jump thru hoops. FU,"@361603 We'd like to get you pointed in the right direction. For Apple TV support, reach out here: https://t.co/IBIY3vMgPj",,25
816598,816597,Sun Oct 08 16:15:13 +0000 2017,@AppleSupport - I don’t understand why you are continually releasing updates that cause significant battery drain. 7+ is garbage now. 11.0.2,@314476 We want to help get your iPhone 7 Plus back to working as it should. Let's work together in DM. https://t.co/GDrqU22YpT,,21
2853799,2853798,Mon Nov 27 20:33:44 +0000 2017,"@AppleSupport I can't seem to find a way to change my payments method to ""PayPal""... There's no option for it and I've checked several of the support pages for how I should be able to change it.  Seems like there is something weird going on, any help would be appreciated. ✌🏻",@793333 We'd be happy to assist with this. What country are you located in?,,51
119473,119475,Thu Nov 23 23:03:09 +0000 2017,@AppleSupport Thanks again. I can play some songs from the album but not certain ones. It’s the same on a few different albums with the same error message. Restarting my phone hasn’t fixed it,"@142507 We want to make sure we don't advise any steps that might result in downloaded songs being deleted. Try going to Settings &gt; [your name] &gt; iCloud and sign out. Then reboot, sign back in and try one of the same songs.",119472.0,34
1268397,1268396,Thu Oct 26 05:27:12 +0000 2017,@8492  @118936  @AppleSupport  @115858  Hi..I purchased for a game its says 29.99$..but they took from 34.97$ ؟؟ what should i do?,@416988 Our iTunes Store support team would be the best group to look into this for you. You can reach them here: https://t.co/SDIe7UiyJN,,21
1643940,1643939,Sun Nov 05 23:27:28 +0000 2017,@115858 really need to fix these stupid box question marks it’s annoying and makes me look dumb as hell,@502412 Here’s what you can do to work around the issue until it’s fixed in a future software update: https://t.co/xXaXeeSRt9,,19
1333692,1333690,Wed Oct 18 10:32:58 +0000 2017,"@431135 @115858 La bateria me dura Nada (antes dos días) y se connecta el bluetooth, wifi solo... quiero volver al de antes!",@431133 We offer support via Twitter in English. Get help in Spanish here: https://t.co/IBIY3vMgPj or join https://t.co/OczyRx7IOs,1333694.0,22
895993,895992,Fri Oct 20 20:54:53 +0000 2017,@applesupport 11.0.3 bluetooth instability on @38602 headset Voyager Focus UC. Reported to Plantronics as well - says its Apple,"@332786 We'd like to learn more. Is your device disconnecting from your Bluetooth headset? If so, do you get an error when this happens?",,19
2701031,2701030,Sun Sep 03 01:23:38 +0000 2017,Hi @AppleSupport - how can I sort the songs in a playlist by artist or song title (instead of def. rev chron date added)? iphone 6+ 10.3.3.,@234815 Our article https://t.co/XwiZa7ChZq can help you edit a playlist created on your iPhone. Let us know if we can help you further.,,27
1895907,1895906,Tue Oct 24 08:34:18 +0000 2017,@AppleSupport how do I stop my child deleting photos from iCloud via her phone (I don’t have access to her phone as she’s away)?,@565083 Thanks for contacting us! Let's work together to get this resolved. Reach out to us in DM &amp; we'll continue there. https://t.co/GDrqU22YpT,,24
2286087,2286086,Sat Nov 11 12:47:38 +0000 2017,"@AppleSupport hi team, I just took a subscription for tinder but I cancelled it immediately. How can I get the refund for that subscription. Please tell me.",@664307 For issues with an iTunes purchase or subscription you'd want to reach out to our iTunes Store support team for assistance. You can connect with them here: https://t.co/SDIe7UiyJN,,27
1451564,1451562,Thu Nov 02 15:55:19 +0000 2017,"@115858 so, how are you going to fix the battery issue for those who downloaded the new iOS? Because my phone is at a constant 20%",@456848 We'd like to look into the battery with you and see what's going on. So it's stuck on 20% and wouldn't go up or down?,,26
649773,649771,Wed Nov 22 20:55:40 +0000 2017,"#iphonebattery just went from 42% to 28% in the blink of an eye...  Watched it go from 95 to 99 to 100% in the span of 30-45 seconds this morning.  No location tracking always on. Background refresh for unnecessary stuff off. Only a few apps open.  Any advice, @115858?","@274457 We'd be happy to help. To start, what version of iOS are you currently running? Find that in Settings &gt; General &gt; About. Also, are all apps up to date in the App Store?",,49
2841977,2841975,Mon Nov 27 16:49:38 +0000 2017,@AppleSupport hi. I bought monument valley 2 from the AppStore on my iphoneX but I cannot dwl on my ipad  even though it says offers ipad app. I contacted the dev but no answer at this point. Any idea why it’s asking me to pay again on iPad ?,@714727 Great work reaching out to the app developer for that question because they should be able to give you an answer. It is at the discretion of the developer whether that app is free for both devices.,,49
1713720,1713719,Tue Nov 07 01:07:07 +0000 2017,Is my phone being retarded? Like why does it keep putting question marks in my texts?! @AppleSupport help me!,@518989 Here’s what you can do to work around the issue until it’s fixed in a future software update: https://t.co/xXaXeeSRt9 https://t.co/GDrqU22YpT,,19
803101,803102,Sat Oct 14 12:40:34 +0000 2017,@AppleSupport Still doing the same thing  iOS 11.01/02/03 has been very buggy,@311366 We'd be happy to look into this with you more in detail.  Please reach out to us via DM and we'll continue there. https://t.co/GDrqU22YpT,803100.0,12
2770808,2770807,Tue Nov 21 04:56:57 +0000 2017,@AppleSupport I'm down 1 iMac and 1 MacBook Pro because it won't finish updating to High Sierra for the past 10 days...and my iPad Air which the day I updated to iOS11 starts draining the battery &amp; apparently now needs a total battery replacement...coincidence @115858?,@774564 We can look into this with you. Send us a DM with more information on what's happening with each of your devices. https://t.co/GDrqU22YpT,,45
587050,587052,Sun Dec 03 15:25:43 +0000 2017,"@AppleSupport Only on desktop (MBA), when connected via wifi",@258648 Have you tried re-starting your computer and attempting again? Have you tested this issue on more than one Wi-Fi network?,587049.0,9
2518183,2518182,Wed Nov 15 23:34:26 +0000 2017,I swear @115858 is pushing stuff out to older iPhones to cause them to crash so you are forced to buy a new one. I have a 6+ and it has been awful ever since iOS 11 came out.,@178109 That's not an experience you should have and we're here to help work towards a resolution. Let us know in a DM the exact iOS version number and we'll continue there. https://t.co/GDrqU22YpT,,39
385314,385313,Mon Oct 02 17:12:58 +0000 2017,@AppleSupport #Snapchat,@207233 We like to know more about the issue you're experiencing. Can you describe what's going on?,385315.0,2
2282267,2282266,Sat Nov 11 18:28:26 +0000 2017,Dear @AppleSupport. “Texians” is a real word. Thank you. https://t.co/AiLKELYZJ7,"@663358 We thank you for connecting with us here. For this concern, you can update us via our feedback site here: https://t.co/oWzjJxkvlC",,10
1988593,1988592,Thu Nov 02 05:02:03 +0000 2017,Yo @AppleSupport please let me know why my i is turning into a question mark and pls fix it. Thx.,"@588568 DM us the device you’re using, and the software version it’s on. We’ll meet you there to begin looking into this. https://t.co/GDrqU22YpT",,20
1432449,1432448,Thu Nov 02 05:06:00 +0000 2017,Wth is up wit iPhone spelling error ? This “A❔” crap??? @AppleSupport,@250053 Could you Direct Message us? We'll look into this with you. https://t.co/GDrqU22YpT,,12
1100789,1100788,Sat Nov 25 18:14:40 +0000 2017,@AppleSupport noticed a blue discoloration on my screen and a massive decrease in battery capacity . Online searching says this is due to an expanding battery. Recommendations? And dangers?,@379721 Thanks for contacting us. This is certainly not an experience we want you to have. We'd like to look into this with you. Let's meet in DM. https://t.co/GDrqU22YpT,,29
1552563,1552562,Sat Nov 04 00:32:04 +0000 2017,@AppleSupport i have iphon7 with ios11.1 i can’t make phone calls or use the camera and its restart by itself and stuck on apple logo,@480381 We want to help you with this today. Are you able to get into the iPhone at all right now? https://t.co/GDrqU22YpT,,25
1403879,1403878,Mon Oct 16 16:43:01 +0000 2017,"It’s crazy when I didn’t update my 7plus it worked perfect, nw it’s updated my joint freezing an everything. No @115858 I Dn’t want a new phn",@446386 We'd like to help if we can. Send us a DM with some details and we'll go from there. https://t.co/GDrqU22YpT,,27
851211,851210,Wed Oct 18 19:05:08 +0000 2017,"@AppleSupport my Twitter app badge icon not working, its on in all settings please help thanks",@322208 Let's see what we can do to assist. Does your App not show any notifications at all? Let us know via DM https://t.co/GDrqU22YpT,,16
2890981,2890979,Tue Nov 14 00:50:12 +0000 2017,"My phone keep bugging, restarting itself. Then deleted all my pictures and brought it back, and now all iMessages are gone like @115858 whats really good b ! 😡😡 @AppleSupport",@801463 We'd like to look into these issues with you. DM us which iOS version you're on and if you see an Apple logo or spinning gear when it unexpectedly restarts. We'd also like to find out about how much battery you have when this happens as well. https://t.co/GDrqU22YpT,,30
855226,855225,Mon Nov 06 02:44:46 +0000 2017,"@115858 High Sierra has completely messed up my screen (colors, lines, both) and I need it fixed NOW. It won’t let me WORK","@323120 We want to help you get your Mac performing as you expect it to. Please send us a DM to tell us which country you're in, we'll help. https://t.co/GDrqU22YpT",,23
993294,993296,Sun Oct 22 16:36:56 +0000 2017,"@AppleSupport Siri won’t work, i can’t dictate on whatsapp, the alarm doesn’t make any sound, phone sometimes freezes...",@355302 Let's work on a solution together. Please send us a DM with the country where you're located to continue. https://t.co/GDrqU22YpT,993293.0,18
2631509,2631508,Fri Nov 17 17:18:33 +0000 2017,"@AppleSupport hey, i have an issue with my photos, 3k photos suddenly been deleted! this is the second time happening, first i had to rest all settings and restore it again but i lost something important cannot be backed up by iCloud. please solve this problem","@743064 We realize how important Photos are, and want to do all we can to help to locate them. To start, check out this: https://t.co/bBXCAdkSGC  For more asistance you can connect with our Photos specialits here:  https://t.co/IBIY3vMgPj https://t.co/GDrqU22YpT",,46
2621180,2621182,Fri Nov 17 17:27:28 +0000 2017,@AppleSupport thanks🙌🏽,"@740627 We're always happy to help! Feel free to reach out to us if we can be of any further assistance. Our office hours are 7 days a week, from 5AM - 8PM PDT. If you contact us after business hours, rest assured we'll respond the following day.",2621179.0,2
2558687,2558685,Thu Nov 16 15:51:20 +0000 2017,Anyone else with an iPhone 7 Plus dealing with an annoying lag anytime you text or type or open apps...? @AppleSupport,@726361 That should not be happening. We'd be happy to help. How long have you been experiencing this situation? Which version of iOS are you using? You can check in Settings &gt; General &gt; About.,,21
589497,589496,Sun Dec 03 14:27:02 +0000 2017,@AppleSupport My battery seems to be draining really fast? It’s an older iPhone. How long should a battery last lifetime-wise in an iPhone?,@259376 That can vary but we'd be happy to address this with your device. What iPhone do you have? Let us know in a DM. https://t.co/GDrqU22YpT,,23
522064,522066,Sun Dec 03 01:02:36 +0000 2017,"hi @AppleSupport i have set my date in iphone to before december 1st, and my iphone is not restart with blank screen again. When apple support to fix it? I think the problem is IOS 11.1.2","@240568  We would like to start by making sure your device is running the latest iOS, which is 11.2. First, back up your device: https://t.co/4f8hwT5to6  The update is available under Settings &gt; General &gt; Software Update. Let us know if there are any changes.",522062.0,36
2177223,2177225,Sun Nov 26 18:03:15 +0000 2017,@AppleSupport @638149 I’m Having This Exact Same Problem. My Battery Won’t Hold For 2-Hours,"@225304 We'd love to take a look!  We want to ensure that you have a good charge to get you through the day.  To start, have you followed the tips shown here: https://t.co/bivpdfBNJ6",2177222.0,14
1007602,1007601,Sat Oct 14 09:57:03 +0000 2017,"@115858 I am 2 or 3 more updates from using all my battery power within an hour between charges, shall I buy an additional external battery",@358438 Great battery life is important. Let's pair up in DM to get to the bottom of this. https://t.co/GDrqU22YpT,,26
2295590,2295588,Sat Nov 11 23:55:54 +0000 2017,"@AppleSupport hi, since updating to ios11 I now can’t delete any photos off my iPhone! Is this a glitch in the update? During the update it synced somehow and I now I have over 1500 in my deleted folder that werent there before that I can’t permanently delete!! Help please!!","@666564 We'd love to help with this!  What specific iOS version is on your iPhone now, and which iPhone are you using?  What happens when you try to empty the Recently Deleted folder?",,50
1266502,1266500,Thu Oct 26 05:47:39 +0000 2017,@115858 because this makes sense right? How do I have one app over a gig and almost 6-7 just missing???? You guys suck https://t.co/hzMBHynKcy,@289445 We'd be happy to see what's taking up your storage. Which iPhone and iOS version are you using?,,24
2013109,2013107,Sun Nov 05 05:23:59 +0000 2017,"I thought I was the only one! @AppleSupport what is this? Every time a new iPhone comes out, the old ones start messing up, y’all not slick. https://t.co/UVTYDJcY3o",@595254 Thanks for reaching out. We have a workaround for this here: https://t.co/xXaXeeSRt9 DM us if you still need help. https://t.co/GDrqU22YpT,,28
2291528,2291531,Sun Nov 26 16:15:40 +0000 2017,@AppleSupport I took my password off and it stopped doing it,@665530 Which device are you using?,2291527.0,11
2105282,2105281,Wed Nov 08 03:44:10 +0000 2017,"@AppleSupport Since updating my iPhone, I️ have to charge my phone before noon.  It crashes and shuts off.  I️ have been an iPhone user since day 1 and have never been so frustrated.  I’m in the market for a new phone and for the first time I️ am considering a Samsung.  Help!",@621425 We want to be sure you can use your iPhone as you'd expect. We're happy to help you. Send us a DM and we'll go from there. https://t.co/GDrqU22YpT,,52
2013024,2013023,Sun Nov 05 04:58:45 +0000 2017,@115858 iPhone freezing every time I open an app. 👍🏾👌🏾👌🏾👌🏾sick update my dude,@595227 We’d like to learn more about what’s going on. Please DM us your iOS version to begin. (Settings &gt; General &gt; About) https://t.co/GDrqU22YpT,,13
452595,452594,Thu Nov 30 22:11:22 +0000 2017,"@AppleSupport Bought an iphone 7 plus two days ago, and both days, with moderate usage, battery goes from 100% in the morning to 20% by noon. No way this is normal. Screen brightness is halfway and no apps running on background. Help?","@222371 We'd be happy to help with your iPhone battery. We want to gather a few details before we make any changes.  Meet us in DM with your iPhone version to get started, please. https://t.co/GDrqU22YpT",,42
1881938,1881937,Sat Oct 21 15:25:34 +0000 2017,"@AppleSupport Bought a brand new IPhone 7 for £750, I don’t expect it to freeze, shut down every 2 mins or not play sound/be able to call...",@561606 We want you to enjoy your iPhone 7. Let us know in DM if the unresponsive behavior is with certain apps or system wide. https://t.co/GDrqU22YpT,,27
1765098,1765099,Wed Nov 08 01:36:58 +0000 2017,@AppleSupport Thx i got it working! APPLE ALL DAY BOI!,@240825 Terrific. We're glad to hear that the issue was resolved. Please don't hesitate to contact us if you need any assistance.,1765097.0,10
609779,609778,Wed Oct 04 03:07:07 +0000 2017,"This popped up right now, I have wifi literally right now and cell service?help! @AppleSupport https://t.co/GgKTPMAm6z",@264971 We'll look into this together. Send us a DM and let us know what version of iOS you're using. https://t.co/GDrqU22YpT,,16
1270258,1270257,Thu Oct 26 12:15:06 +0000 2017,@AppleSupport Is this legit? It just popped up on my phone. https://t.co/fiH8cjeoUD,"@417404 We've got your DM, and we look forward to working with you there.",,12
1631461,1631459,Tue Oct 17 04:14:00 +0000 2017,"@AppleSupport can’t get calls, no tone when I make calls. Only thing that works is FaceTime. I just got a brand new phone TODAY...help",@383274 We're glad to help. What version of iOS are you running? That can be found in Settings &gt; General &gt; About.,,24
1679169,1679167,Mon Nov 06 08:36:21 +0000 2017,@AppleSupport I am trying to reset it my password and it says my security questions are incorrect which is impossible. Who can I speak to?,@510674 Let's get you in touch with an Apple ID Account Security Advisor for further assistance at: https://t.co/UJm15vmMM2,,25
2552446,2552445,Thu Nov 16 09:58:07 +0000 2017,"@AppleSupport hurry up and sort out a new update for those of us that aren’t fortunate enough to have the latest iPhone!! Fed up of BT randomly coming on, draining battery and data roaming randomly turning off.  REALLY irritating!!",@725007 We'd like to look into this with you. Send us a DM by clicking on the link below. We'll continue there. https://t.co/GDrqU22YpT,,39
2893344,2893343,Tue Nov 28 14:57:29 +0000 2017,@AppleSupport @115948 I need help because the support person for iTunes and AppStore is HORRENDOUS!  #missingstevejobs,@488380 Thanks for reaching out to us. We are always happy to help. Send us a DM and tell us what's going on. https://t.co/GDrqU22YpT,,16
1354515,1354514,Fri Oct 27 16:44:42 +0000 2017,@AppleSupport may I run a diagnostic for my battery? It's dying quickly. Thank you!! :),@435870 We'd like to help look into the best options available. DM us what iOS version you're on. https://t.co/GDrqU22YpT,,15
1954400,1954399,Sun Oct 29 18:32:48 +0000 2017,@AppleSupport 11.0.3. I’ve force quit the app a few times and reloaded it but it does the same thing. Shall I turn my phone off / on again?,"@580160 Yes, let's have you restart your phone after closing the app. If it continues, meet us in DM and we'll pick up from there: https://t.co/GDrqU22YpT",1954401.0,28
483242,483241,Fri Dec 01 06:55:56 +0000 2017,"Hello @AppleSupport. Without my permission, apple store updated an application for a fee and it withdrawed money from our credit card. I want my victim removed. I want you to stop my unjust treatment. https://t.co/qmZ4tTGy5g",@229943 Thanks for reaching out. We'd love to assist you and research this further for you today. We understand the concern you are having. Meet up with us in DM at the link below and let us know if you have this app installed on your device. https://t.co/GDrqU22YpT,,35
1420635,1420634,Mon Oct 16 17:43:44 +0000 2017,@AppleSupport Is it possible to make an genius bar apt without an apple id? (I have been locked out of my account. It's a bad day.),@450266 We’re here to help. Let’s team up in DM and we’ll do our best to assist you. https://t.co/GDrqU22YpT,,26
2093883,2093882,Wed Nov 08 02:49:59 +0000 2017,@AppleSupport Can y’all please fix this keyboard glitch cause All i want todo is type a capital “i” ..,@618689 Here’s what you can do to work around the issue until it’s fixed in a future software update: https://t.co/qODbOsp4wz,,19
2255298,2255300,Sat Nov 11 00:26:43 +0000 2017,@AppleSupport wifi,"@656895 Do you have a computer with iTunes installed, or a computer you can install iTunes on?  If so, let's try using iTunes to update.",2255297.0,2
1079170,1079169,Mon Oct 23 19:33:58 +0000 2017,How do you write your own song in IOS garage band and get it into Clips?  #classroomclips @AppleSupport  @124871 Am I missing something?,@154925 That's a great question and we'd love to help! Reach out to our Garage Band team directly for help: https://t.co/IBIY3vMgPj,,23
2581080,2581079,Sun Nov 05 01:18:11 +0000 2017,@115858 can you please fix the I️ problem,@731537 Let's look together. Check out https://t.co/xU1AGHStV6 for steps to address this concern and DM us if we can help further. https://t.co/GDrqU22YpT,,8
229157,229156,Wed Oct 11 17:43:19 +0000 2017,"@AppleSupport ever since updating my iOS, nobody can hear my voice on calls. What’s the fix?? Work phone, urgent.",@170649 What version of iOS are you currently running? That can be found in Settings &gt; General &gt; About.,,19
154436,154437,Fri Nov 24 19:28:39 +0000 2017,"@AppleSupport I left using podcast due to that issue. also I cross checked for speed on other apps(YouTube) and Safari and they were running fine. It seems there are less servers for India, or maybe a technical glitch  I will check it again for you after sometime and provide an update.",@151390 Please keep us posted. We'll want to test this on more than one Wi-Fi network and on cellular data in order to properly isolate the issue.,154435.0,51
2570446,2570445,Mon Oct 30 17:01:45 +0000 2017,@AppleSupport the battery on my iPhone 7plus drains constantly!! My apps crash and some stopped working. Bluetooth drops.,@728983 We'd like to look into these issues with you. Let us know the iOS version (Settings &gt; Generall &gt; About) installed.,,18
1586869,1586868,Sat Nov 04 13:09:15 +0000 2017,WTF IS THIS @AppleSupport @115858 @118721 I DIDNT MAKE A PURCHASE AND IM FROM THE PHILIPPINES WTF IM CONFUSED https://t.co/8j1vSprFQj,@488171 We can assist you. We recommend reaching out to our iTunes Store team for assistance:  https://t.co/SDIe7UiyJN,,20
1876965,1876964,Sun Oct 22 04:41:42 +0000 2017,i hate #IOS11 it gets my phone to steaming hot &amp; runs my battery down so got damn quickly @115858,@560298 We'd love to gather more details about these issues since updating. Meet us over in DM with which model iPhone you have. https://t.co/GDrqU22YpT,,20
2109751,2109750,Wed Nov 08 12:07:33 +0000 2017,This whole replacing “I” with that A bullshit is getting really annoying. @115858 what the hell,@622405 Here’s what you can do to work around the issue until it’s fixed in a future software update: https://t.co/xXaXeeSRt9,,16
1096904,1096903,Mon Oct 23 21:47:41 +0000 2017,Yo @AppleSupport how do I leave group chat on the latest iOS for iPhone. Please help. Please.,@378845 Here's a link that may help in section ‘Manage a group conversation’: https://t.co/xsbwuyIPDV,,17
2045992,2045990,Wed Oct 04 21:18:19 +0000 2017,@605081 @115858 Dude ive had this problem for like ever. I tried all the tips and it doesn’t work. Phone is fine. I have to use a portable charger now.,@11267 We'd like to gather some more info and work to get this sorted. DM us with what type of iPhone you have to begin. https://t.co/GDrqU22YpT,2045994.0,30
2480640,2480638,Sun Oct 29 22:03:00 +0000 2017,"@AppleSupport done the 0.3 update WiFi is downlighted n crossed out, settings doesn’t want 2 work properly.... when is the next update due?",@385418 We're here to get you back to enjoying the update. What exactly is going on with Settings? We want to know how to tackle this.,,23
1578468,1578470,Tue Nov 07 16:11:15 +0000 2017,"@AppleSupport Did that, still doesn’t help. I had to completely delete the keyboard and use Gboard",@173720 Let's take a look at this closer in DM. Please message us there: https://t.co/GDrqU22YpT,1578467.0,16
302969,302967,Sat Nov 25 03:26:37 +0000 2017,@115858 I’m annoyed my new iOS upgrade switches screen brightness at its own will. Did you not fix this?! Love: iPhone user since 2007 and never complained.,@188309 Auto-Brightness is enabled by default in iOS 11. You can disable it from Settings &gt; General &gt; Accessibility &gt; Display Accommodations. Let us know in DM if you need further assistance with this. https://t.co/GDrqU22YpT,,27
1067794,1067795,Mon Oct 23 16:41:24 +0000 2017,@AppleSupport Yes.,@139961 We're going to need to dig a bit deeper. Please join us in DM. https://t.co/GDrqU22YpT,1067793.0,2
2965441,2965440,Wed Nov 29 21:58:48 +0000 2017,In Mac installer hell. Does this ever work? I’m 0/2. WTF @115858????? https://t.co/667PeeYBnr,@818140 We can certainly take a look at this with you. Are you restoring your Mac as a new device or updating macOS? DM us and let us know. https://t.co/GDrqU22YpT,,13
1640184,1640183,Sun Nov 05 21:00:18 +0000 2017,Ommmmgggg @115858 fix this stupid glitch,@501454 Here’s what you can do to work around the issue until it’s fixed in a future software update: https://t.co/xXaXeeSRt9,1640185.0,6
2646257,2646256,Fri Nov 17 21:39:37 +0000 2017,@AppleSupport  ça fait 1mois que j’ai des problèmes de réseau sur mon iPhone et c’est pas mon opérateur je fais quoi,@746606 We offer support via Twitter in English. Contact us for help in your preferred language here: https://t.co/IBIY3vMgPj,,21
1808779,1808778,Sat Oct 14 14:46:45 +0000 2017,@115858 @AppleSupport Since using these plastic hooks to wrap up and store my charger it has started to break the wire. V.disappointed. https://t.co/EJxPkJPQX4,"@543405 We'll be glad to look into your options together. To start, DM us &amp; tell us what country you're located in. https://t.co/GDrqU22YpT",,23
1703995,1703994,Mon Nov 06 20:42:29 +0000 2017,@AppleSupport @115858 need to fix this error with people phones can’t text with the letter i,@516525 Here’s what you can do to work around the issue until it’s fixed in a future software update: https://t.co/xXaXeeSRt9,,16
2179500,2179502,Sun Nov 26 22:59:41 +0000 2017,@AppleSupport No it’s not helping. I deleted the account yet it’s not allowing my Apple ID to access Apple Music,@638714 Let's take a closer look into this together. Send us a DM. https://t.co/GDrqU22YpT,2179499.0,20
338165,338164,Sat Oct 07 21:19:41 +0000 2017,@AppleSupport hi.Cannot sync songs from itunes as they are showing that no memory in iTunes library.But 5 gb is free.What to do?,"@196715 For clarification, are you trying to sync these to an iPhone or other device? Please DM us. https://t.co/GDrqU22YpT",,22
2837248,2837247,Mon Nov 27 13:56:14 +0000 2017,"@AppleSupport I’m facing problem in calling, nothing is visible when I open call log, it’s totally white and blurry https://t.co/C3klZJAry2",@789674 Thanks for reaching out. We want to help with the blurry screen. We're glad to know that a restart fixed the issue. Be sure to reach out to us again if you need anything in the future.,,20
1910242,1910241,Tue Oct 24 21:29:18 +0000 2017,So why isn’t @115888 working from my lock screen anymore? @115858,@569077 We'd be happy to get you pointed in the right direction. Can you DM us what version of iOS you are running? https://t.co/GDrqU22YpT,,11
2347557,2347556,Mon Nov 13 14:17:36 +0000 2017,@AppleSupport is there a known issue with the alarm as of the last update?! Twice in a row it hasn’t woken me. Last time it did was before the update.,"@427549 We know how important it is for your alarms to go off properly and we'll do our best to get your mornings starting properly once again. If you delete all alarms, and set one for five minutes in the future, does it go off as expected? https://t.co/GDrqU22YpT",,30
1187757,1187756,Wed Oct 25 00:04:32 +0000 2017,iOS 11.0.3 is drains my fucking battery and now my fucking phone is freezing up every other hour. @AppleSupport,@399298 We'd like to see what we can do to assist. DM us and we'll continue from there. https://t.co/GDrqU22YpT,,19
2012120,2012119,Wed Oct 18 20:08:22 +0000 2017,Bon bah maintenant #macOSHighSierra redémarre tout seul et aucun de message d'erreur critique 🤔 @115858 @AppleSupport,@594973 We offer support via Twitter in English. Contact us for help in your preferred language here: https://t.co/IBIY3vMgPj,,16
2903769,2903768,Tue Nov 28 18:36:52 +0000 2017,@AppleSupport anyone know how to upload an iMovie file to YouTube or anywhere when storage on iPad is full? Literally nothing left to delete and won't upload to iCloud even though there's loads of room (need to delete stuff from iPad message appears) - help,"@804194 You're in the right place for help! So we can take an in-depth look at the storage usage and provide the most accurate steps to freeing up storage on the iPad, select the following link to join us in a DM and we'll continue there. https://t.co/GDrqU22YpT",,45
1871098,1871097,Fri Oct 20 00:18:22 +0000 2017,OHKAY @115858 I did ya dumbass update now I can’t open my messages or camera,@558792 Let’s work together to find a solution. DM us which device and version of iOS you’re using to begin. https://t.co/GDrqU2kzhr,,15
862690,862689,Fri Oct 13 13:36:22 +0000 2017,@AppleSupport I received a suspicious email from an “Apple” support team asking me to click a link and verify a payment. Who can verify?,@324843 We want to help. Let's move this conversation to DM. https://t.co/GDrqU22YpT,,24
2900397,2900396,Tue Nov 28 17:50:00 +0000 2017,Dear @115858 fix this (it) I.T problem NOW!,@803454 We got your back! Is this happening on your keyboard when trying to type? Can you tell us the version of iOS in Settings &gt; General &gt; About? https://t.co/GDrqU22YpT,,8
2058331,2058329,Fri Oct 06 23:48:51 +0000 2017,I am connected to WiFi and NEVER am trying to stream music - only files saved to my actual phone. How do I stop this @AppleSupport ? https://t.co/KUpCJPn56Y,"@608756 Rest assured, we are here to help. Go to Settings &gt; Music &gt; Cellular Data, what do you see? Is your ""cellular data"" on or off? https://t.co/GDrqU22YpT",,28
1951860,1951859,Sun Oct 29 14:41:07 +0000 2017,My iPad volume is not working one week before international travel. Stuck in headphone mode. Can't emotionally handle going to @115858 store,@326822 Does the iPad play audio with headphones? Let us know so we can help.,,22
363397,363396,Sun Oct 08 16:42:10 +0000 2017,I can't upload my videos or pictures directly from my Mac book to @123765  please help me @AppleSupport 🙄 https://t.co/IfFtXMn0qU,"@202096 We're happy to do everything we can to help. To start, which model MacBook and version of software are you using?",,20
2731354,2731353,Mon Nov 20 15:05:21 +0000 2017,"@AppleSupport I've tried updating, an apple store, changing apple ID/password, and countless online tips, I can get nothing to fix this on my macbook and its been happening for almost a year https://t.co/AXDi9KQaiy",@765693 We want to help. Have you attempted to connect to Messages or FaceTime while connected to a different network? Reach out via DM and let us know. https://t.co/GDrqU22YpT,,33
1001122,1001124,Mon Oct 23 04:18:46 +0000 2017,@AppleSupport My carrier BSNL allows hotspot. Please tell me what should I do now?,@357008 DM the country or region where you are currently located to continue. https://t.co/GDrqU22YpT,1001120.0,14
2137224,2137223,Wed Nov 08 18:44:34 +0000 2017,How long until the @115858 and @12317 Bluetooth bug gets fixed? Tired of restarting my iPhone every day to reset working link. #ios11bug #inconvenient,@520539 We certainly want to help you with your Bluetooth connection. Let us know if this helps: https://t.co/JMbUWh4fsj,,24
2820651,2820650,Sat Nov 11 17:42:31 +0000 2017,Also adding to this that I am locked out of my iTunes account for 24 hours for recovery so iMessage will not work. @AppleSupport help meeeeee,"@786163 We're here for you. Though we are unable to directly assist with your Apple ID, we can either point you in the right direction or advise you on some self-service steps. Let's meet up in DM so we can further assist you. https://t.co/GDrqU22YpT",2820652.0,26
2974464,2974461,Thu Nov 30 02:19:27 +0000 2017,@115858 why can’t one access photos that are in the cloud? What’s the point of having photos on your phone then or paying for iCloud?,@173018 We want you to be able to access your photos. What exactly are you seeing happen?,,25
1847800,1847798,Thu Oct 19 20:32:00 +0000 2017,@AppleSupport 7 plus. iOS 11.0.3,@553376 Could you Direct Message us and let us know what country you're located in? We'd like to look into this further. https://t.co/GDrqU22YpT,1847801.0,5
676713,676714,Wed Oct 11 13:05:44 +0000 2017,@AppleSupport @AppleSupport a response would be nice? It seriously is like having a landline. Just in time for the new iphone coming out - how convinient.,@281423 We’d like to look further into this with you. Please send us a DM with more details on the behavior you’re experiencing. https://t.co/GDrqU22YpT,676711.0,26
1973617,1973618,Wed Oct 18 19:47:02 +0000 2017,@AppleSupport 11.0.3 and no error messages,"@584492 OK, got it. Let's continue working together in DM. Send us a message using the link below, please. https://t.co/GDrqU22YpT",1973616.0,6
2493890,2493888,Wed Nov 15 17:51:04 +0000 2017,@115858 Ima need ya to get this update together. My apps need to stop closing every time I’m in the middle of something -_-,"@711892 We're here to help. To start, what version number of iOS are you on specifically? The latest is 11.1.1.  Also, what apps are closing?",,24
2402244,2402243,Tue Nov 14 05:50:07 +0000 2017,ALSO MY PHONE CAMERA FUCKING FAILED ME SO BAD WHY ARE ALL THE PICTURES BLURRY?! @115858,"@691134 We want your camera working for you, and we'll do all we can to help. Are new photos you take still blurry? If they still appear blurry, let us know if the steps under ""Your photos are blurred or out of focus"" help: https://t.co/nnplmCZMyw",2402245.0,16
1858447,2217564,Thu Oct 19 14:50:45 +0000 2017,@458566 @115858 I had an error message that said iOS crashed my phone and Apple said I needed a 300 dollar iTunes card to fix it.,@647879 We’d like to look into this. Please DM us letting us know more info about this to continue. https://t.co/GDrqU22YpT,1858444.0,26
2037852,2037851,Tue Nov 07 02:32:24 +0000 2017,@AppleSupport  y’all need to release iOS 11.2 already. 11.1 is cheeks making my phone all laggy and shit,@602550 Let's look into that together. We'll do everything we can to get things running smoothly. DM us which device we're working with. https://t.co/GDrqU22YpT,,18
2063032,2063031,Fri Oct 06 14:13:59 +0000 2017,"This would have been a cool photo of last night’s #moon, except the @115858 iPhone sucks, and couldn’t figure out how to focus. #worstphone https://t.co/Zrm1D1FWXs",@117889 This article has some steps to take when your photos are out of focus: https://t.co/r1DRfaFLIU Need more help? DM us. https://t.co/GDrqU22YpT,,25
2558753,2558752,Thu Nov 16 15:21:53 +0000 2017,Dear @AppleSupport please fix my character issue with the letter “I️.”  Signed a customer ready to go to @122609,@726380 Hi there. iOS 11.1.1 was recently released and it includes a fix for autocorrect issues. Follow the steps here to back up and update your device:  https://t.co/80YRnjDFDk,,19
2438551,2438553,Tue Nov 14 21:58:07 +0000 2017,"@AppleSupport I never let it full discharge. But I have noticed by 1 or 2 n the afternoon, my iPad battery is less than half. This is with even using it that much today.",@699455 Let's look at it a different way then. How many times a day would you need to plug in your iPad to charge?,2438550.0,34
270949,270948,Fri Oct 06 00:52:02 +0000 2017,@AppleSupport nawww how my phone went from 57% to 20%. i watched it wit my own 2 eyes. y’all gon explain this witchcraft to me TODAY,@180636 We’re here to help. Let’s team up in DM and we’ll do our best to assist you. https://t.co/GDrqU22YpT,,26
428737,428735,Tue Oct 10 07:53:45 +0000 2017,Quand tu veux @115858 pour corriger le bug du dock qui disparaît sur iPad 12 »...,@216973 We offer support via Twitter in English. Contact us for help in your preferred language here: https://t.co/IBIY3vMgPj,,16
2313097,2313096,Sun Nov 12 21:59:49 +0000 2017,. @AppleSupport How do we fix the message “Could not invite &lt;email address&gt; because the Apple ID is not registered with iCloud? #HomeKit,"@670783 Let's figure this out. Are you trying to share control of accessories? Check out this link, under 'Share control of your accessories' and let us know if these are the steps you're following: https://t.co/ept6Vf2rqU",,23
1476993,1477587,Thu Nov 02 21:10:17 +0000 2017,@193202 @AppleSupport I thought it was because I didn't get the update??,@463085 Thanks for reaching out. We're here to help. DM us so we can look into this further with you. https://t.co/GDrqU22YpT,1476992.0,12
1453217,1453215,Sat Oct 28 20:16:05 +0000 2017,@36518 @AppleSupport I can’t get this message off &amp; can’t use Strava on my Apple Watch (Series 2). Fine on my iPhone. Any ideas? https://t.co/nAf465lJJW,@457246 Let's get this figured out. Please DM us with which watchOS is installed and iOS. https://t.co/GDrqU22YpT,,25
1069271,1069273,Sat Oct 14 01:17:08 +0000 2017,"@AppleSupport I have the very latest version, and will have to charge my phone before DM’ing you. 2% 🙄","@372329 We completely understand, and we'll happily assist you with this. DM us your iPhone model once you're ready: https://t.co/GDrqU22YpT",1069270.0,19
1717621,1717620,Sat Oct 28 23:12:53 +0000 2017,"@AppleSupport hello. Every since updating my I Phone to the latest IOS, my battery life has been absolutely horrendous 🤷🏼‍♂️🤷🏼‍♂️🤷🏼‍♂️","@484733 We want to help you with your iPhone's battery life. DM us, and we'll look into this. https://t.co/GDrqU22YpT",,20
541141,541140,Sat Dec 02 06:26:52 +0000 2017,"getting ready to smash my beloved iPhone! @AppleSupport this constany cutting out is too much. I use an app for bus tickets, guess i’ll not be going to work for a while🙄 ps it crashed 3 times just writing this tweet 😤","@245534 We know how important it is to have your iPhone running properly, and we'd love to help. Please take a look at the steps listed here: https://t.co/osZOKKTalm  If you're still having trouble, let us know in DM. https://t.co/GDrqU22YpT",,42
1924847,2616668,Fri Nov 17 06:29:15 +0000 2017,@AppleSupport @1542 It's the former. Doesn't work when pressed on notification center. Only the switching off bit. I've to explicitly go to settings every time to switch off.,"@572926 It is expected behavior for the options in Control Center to only disconnect from current connections. If you want to turn the options off completely, you would need to go through Settings as you have. Learn more here: https://t.co/G7BHuQnDS6",1924846.0,28
2007932,2007931,Sat Nov 04 06:38:45 +0000 2017,@115858 fix my fucken keyboard it keeps changing the capital “i” into a ? mark box &amp; exclamation point. Getting real tired of this shit,@593747 We’ve got your back. Check out the workaround in this article and DM us any questions you may have: https://t.co/xU1AGIa4ME https://t.co/GDrqU2kzhr,,25
81841,81916,Wed Nov 29 20:05:14 +0000 2017,Anyone else having an issue with @115858 TV where all of your purchases are just gone? @AppleSupport any ideas? https://t.co/IBxUIcgy0j,"@134131 Hey Chris, we'd like to look into this with you. Send us a DM and we'll continue there. https://t.co/GDrqU22YpT",,20
1752052,1752051,Tue Oct 17 20:58:08 +0000 2017,@AppleSupport The issue started when iOS 11 installed. The very update that drag and drop began? It’s currently version 2.,@315976 Reach us via DM to continue. https://t.co/GDrqU22YpT,1752053.0,20
1201369,1201367,Wed Oct 25 06:00:56 +0000 2017,You guys can’t be serious @115858   I pay too much money for this damn phone for it to be freezing because of your stupid update.,@402273 That should not be happening. Let us help. DM us which iPhone you have and which iOS version is installed. https://t.co/GDrqU22YpT,,25
604010,604009,Sun Dec 03 22:49:41 +0000 2017,@115858 is there a way you could add the option to stop auto play when getting into the car beside turning off Bluetooth? Non-Apple play cars,"@263565 We're always happy to help. As long as the Bluetooth is on, it will search for the connection and connect to the car, which will ultimately start the music. We don't have a feature that will automatically block the Bluetooth connection without turning it off.",,26
1170145,1170143,Tue Oct 24 19:11:28 +0000 2017,Dear @AppleSupport - a flaw in new OS. Love the ‘no notifications while driving’ but it doesn’t work when driving  using Maps. Happy to help,@395226 We’d love to help. Let's take a look at this further for you. Reach out to us in DM. https://t.co/GDrqU22YpT,,25
1386558,1386560,Tue Oct 31 20:56:36 +0000 2017,@AppleSupport 4.0.1,@442635 We'd love to continue working with you. Let's meet up in DM and discuss it. https://t.co/GDrqU22YpT,1386557.0,2
1448096,1448094,Thu Nov 02 14:49:44 +0000 2017,Hello @AppleSupport. How do I fix - “There was an error connecting to the Apple ID server” when signing into @118721 ?,"@456041 Hey there, let's figure this out together. Try the steps in this article, and let us know the result: https://t.co/yoNhV7Et2A",,22
1006072,1006073,Mon Oct 23 00:43:40 +0000 2017,@AppleSupport iPhone 6s Plus! With Verizon,@358112 Go ahead and DM us your country so we can look into a few more things with you. https://t.co/GDrqU22YpT,1006071.0,6
456119,456118,Thu Nov 30 23:52:14 +0000 2017,@115858 I've tried to access the apple Id to open an account since morning till now but it seems not working. Please I need help.,@223290 We'd like to help. Tell us a bit more about the issue you're encountering via DM. We'll continue there. https://t.co/GDrqU22YpT,,25
2676862,2676861,Tue Oct 31 13:15:28 +0000 2017,@AppleSupport Purchased IPhone 6 Plus on10/21/2016 in Best Buy. no warranty info/dt populated when searched on serial no. Can I DM details?,@384503 We're here to help. Let's take this to DM so we can better assist you. https://t.co/GDrqU22YpT,,22
1886759,1886758,Mon Oct 23 07:48:43 +0000 2017,@AppleSupport also whatsapp not downloading from App Store and certain wen pages hanging on my iOS 7 5s I phone #help,"@562746 We'll gladly see how we can help. When you have a moment, send us over a DM so we can take a closer look together. https://t.co/GDrqU22YpT",1886760.0,21
686844,686843,Wed Nov 22 00:43:47 +0000 2017,@AppleSupport i found my ipod after years and i don’t remember my password help :((,"@283997 We're happy to hear that you found your iPod, that's awesome. We can help with your password. To confirm are you referring to the Apple ID password or the passcode? Let us know to continue.",,15
2889508,2889506,Tue Nov 28 06:00:16 +0000 2017,I’m so fuckin tired of this Apple update i swear i just wanna throw my damn phone away . Yal lucky i need these emojis &amp; this iMessage . Don’t make me get in there and fix this shit myself @115858 🤬,@801142 What kind of issues are you having with the update? We can help out.,,42
2179546,2179545,Sun Nov 26 06:01:18 +0000 2017,@AppleSupport I cannot schedule a Genius Bar Appointment because my Apple ID has been blocked. Even resetting the password has not changed the situation. I am unable to use my serial number to get into the chat forum because the screen is broken.,@638729 We can help! Which Apple Store are you trying to book the appointment for? Reply in DM to get started. https://t.co/GDrqU22YpT,,43
2597143,2597142,Fri Nov 17 03:45:32 +0000 2017,@AppleSupport I’ve been unable to login to my AppleID account for 2 days now on my iTV or my phone. Any idea what could be happening?,@735337 Thanks for reaching out to us. We'd like to help you and look into this Apple ID issue further. Please DM us to continue working on this. https://t.co/GDrqU22YpT,,26
567685,567684,Sun Dec 03 01:28:19 +0000 2017,Why does a notification keep popping up saying “Purchase of this item is not currently available” @AppleSupport https://t.co/66t3qTiWNs,@253152 We'd like to help. Which device and iOS version are you using? Which app are you seeing this in?,,18
618524,618526,Wed Oct 04 23:57:30 +0000 2017,@AppleSupport It crashed while I was sending a text and now that it's back on it won't connect to wifi. Taking it to the Apple store now :/,"@266748 Got it! We'd be happy to look into what's going on and try to save you a trip to the Apple Store. To start, send us a DM. https://t.co/GDrqU22YpT",618523.0,28
877157,877155,Fri Oct 13 15:38:30 +0000 2017,#ios1103 et rien n’a changé... nothing changes...@115858 @AppleSupport @115948 https://t.co/VWeQNr6oE6,@328234 We offer support via Twitter in English. Contact us for help in your preferred language here: https://t.co/IBIY3vMgPj,,10
289101,289123,Fri Oct 06 12:57:41 +0000 2017,"@115858 @AppleSupport Alarme qui ne sonne pas, musique coupée, batterie qui se vide... Iphone 7 + âgé de 3 mois, j’adore 😤",@184886 We offer support via Twitter in English. Contact us for help in your preferred language here: https://t.co/IBIY3vMgPj,289100.0,22
1938410,1938409,Sat Oct 28 01:50:27 +0000 2017,"@AppleSupport I just pre-ordered the iPhone X using Apple Pay, now my bank issued me a new credit card. How can I change my order?",@576616 We'd be happy to point you in the right direction. Please DM us the country you're currently based in and we'll go from there. https://t.co/GDrqU22YpT,,25
1571703,1571702,Sat Nov 04 12:10:58 +0000 2017,"@AppleSupport what is this“secure” thing under iCloud storage?Couldn’t find anywhere else except there after update recently,please clarify? https://t.co/tKprmhvIeQ",@381776 We're happy to help. Could you show us the screen before this in DM? Thanks! https://t.co/GDrqU22YpT,,18
2961386,2961384,Wed Nov 29 20:44:50 +0000 2017,So I have my shiny brand new @115858 MacBook and I can’t use it because it refuses to connect to my internet 😭 @AppleSupport Help me please,@649813 We want to help you with your brand new MacBook so it will connect to your internet. That's not a fun way to start off your new computer. Is it just your home network that it won't connect to? Does it recognize your network but can't connect?,,27
2709155,2709154,Mon Nov 20 01:12:27 +0000 2017,@AppleSupport if you charge people $5 for an app don’t make an update that takes it away from me?? So take the money then take the product,"@760773 If you want, you may use the following link to report this issue and request a refund for the app. Reportaproblem: https://t.co/TnACmwZbFZ",,27
825918,825919,Fri Oct 13 01:35:24 +0000 2017,@AppleSupport iCloud but everything didn’t come back,"@316708 Okay, let's meet in DM.",825917.0,7
1699838,1699836,Mon Nov 06 19:16:05 +0000 2017,If y’all don’t fix this stupid ass update I’m going back to android @AppleSupport,@515486 We're here to help with any issues you encounter. What's happening with your device?,,14
2367789,2367791,Tue Nov 14 10:26:16 +0000 2017,"@AppleSupport Thanks. If experiencing regular drops, is this likely an issue with the ATV box or the app being cast?",@683386 We have a specialized team that handles issues with Apple TV. Reach out to them here and they'll help out.  https://t.co/IBIY3vMgPj,2367788.0,20
1502002,1502001,Fri Nov 03 08:44:11 +0000 2017,@AppleSupport I will now take it out of Lower Power mode.  And report back when charge drops to 10%,@468635 Got it. Please send us a Direct Message and we'll continue from there: https://t.co/GDrqU22YpT,1502004.0,19
484562,484560,Fri Dec 01 09:11:18 +0000 2017,"@AppleSupport iphone8 works fine, Series 2 Watch works fine, everything’s perfect apart from my activity and workouts aren’t syncing since Tuesday! WiFi, data and Bluetooth all on and working too! Help!!!","@131476 Hey, we'd be happy to take a look to see what's going on. First, can you tell us the watchOS and iOS versions currently installed? Also, have you restarted both devices to see if that helps?",,31
992361,992363,Sun Oct 22 13:58:05 +0000 2017,@AppleSupport I have iPhone SE.,@355059 Great! Let's meet up in DM and we'll continue from there. https://t.co/GDrqU22YpT,992360.0,5
1660420,1660419,Mon Nov 06 03:24:55 +0000 2017,What is this I️ @AppleSupport,@506516 Here’s what you can do to work around the issue until it’s fixed in a future software update: https://t.co/xXaXeeSRt9,,5
31491,31489,Wed Nov 01 03:24:53 +0000 2017,@115858 need a update for iOS 11 where the WiFi doesn’t turn itself on ALL THE TIME- Tia,"@122947 We know how important your iPhone is. Tell us, are you turning Wi-Fi off from the Control Center or from Settings &gt; Wi-Fi?",,18
2627783,2627782,Fri Nov 17 15:24:28 +0000 2017,"Thanks @115858  @AppleSupport  for making me stop using my iPhone due to accidentally updating my iOS, now many apps are broken.  No matter how many times I remove the update notification it always comes back and now I can't go back.  Never again, no more iPhones for me!",@742185 We want to help with the issues you're experiencing. Send us a DM and we'll go from there. https://t.co/GDrqU22YpT,,48
747769,747768,Wed Oct 11 16:19:42 +0000 2017,@AppleSupport - Screen rotaion problem - Battery Problem - Freezing issue - Third party music app control issue in lock screen - Bluetooth issue,@298750 DM us using the link below. We're glad to look into these issues from there. https://t.co/GDrqU22YpT,747770.0,24
2253530,2253532,Sat Nov 11 04:29:37 +0000 2017,@AppleSupport it’s up to date to iOS 11.1.1 and I still the same problem seeing “A box?” The update is not working! https://t.co/Ho7qjPVhT6,@531513 Are you noticing this behavior in messages that you write or are you seeing it in messages that other people write? Join us in DM and we'll look into this further with you. https://t.co/GDrqU22YpT,2253529.0,23
2311357,2311355,Thu Oct 19 21:36:42 +0000 2017,@AppleSupport I’m on my second #iphone8 and GPS hasn’t worked on either of them. What gives?!,"@670331 Thanks for reaching out to us. We would love to help you. With regard to GPS, can you please tell us exactly what isn't working?",,16
2774343,2774346,Tue Nov 21 14:59:12 +0000 2017,@AppleSupport I applied None setting and it reverts back to credit card. PayPal is also not available. Not customer friendly at all. Bad enough I have to deal with replacing a credit card....,"@442679 Have you had a chance to look over the reasons here that you may not be able to choose ""None:"" https://t.co/rnB74M0zio Please let us know in DM. https://t.co/GDrqU22YpT",2774342.0,33
1738871,1738869,Tue Nov 07 13:20:15 +0000 2017,@AppleSupport @115948 yo how do I take repeat song off on iOS 11.1 smh,@524833 We can help with that for sure. Check out this article for information on controls for the Music app: https://t.co/Q3ojzTGrTU,,14
1700794,1700792,Mon Nov 06 19:46:39 +0000 2017,@AppleSupport • Can’t fund where ringtones are in iTunes now.  Can you point me to where they are?,@515722 We have made changes in the new iTunes. To view those changes and where to find information visit here: https://t.co/pxseZbMQ8z,,18
1782805,1782804,Wed Oct 11 00:40:35 +0000 2017,@115858 @AppleSupport why is my iPad air no longer connecting to my Wi-Fi? My Wi-Fi is on and nothing has changed. Just won’t connect.,"@535634 We can help you get your iPad connected. Try restarting your device, and DM us if this persists: https://t.co/OWRDHWSt4h https://t.co/GDrqU22YpT",,24
1038722,1038720,Thu Oct 12 20:58:00 +0000 2017,Hello why is Snapchat and my Apple Music app messing up? Is this bc the new iPhone is coming out? I’m broke pls help thx @115858,"@365756 We're here for you. What's going on with your Apple Music app? For other apps you installed, check out: https://t.co/fUZ0NRJxcn",,26
1657777,1657775,Mon Nov 06 02:42:02 +0000 2017,mine did this when it updated 🙄 da fuq @115858 https://t.co/txCF9evPlH,@505813 Here’s what you can do to work around the issue until it’s fixed in a future software update: https://t.co/gFhhOR2cAb,,11
1519910,1519908,Fri Nov 03 10:40:41 +0000 2017,"Erhm, @AppleSupport why do i need bluetooth when all i want to do is update some apps? https://t.co/nEP65mZsjt",@230283 Let’s team up on this. Which iPad model and iOS version are you using?,,18
2683931,2683930,Sun Nov 19 11:25:22 +0000 2017,@AppleSupport Mac geeks help! How do I remove applications... I can never find the uninstall. I know how to find my library if this helps. #MacBookPro #MacGeek #MacBook https://t.co/VM0alQPDDM,@754885 Let's have a look at this together. Can you please DM us? https://t.co/GDrqU22YpT,,29
218928,218927,Thu Oct 05 01:06:37 +0000 2017,@AppleSupport yet another bug! #iOS11Fail - WiFi and Bluetooth still enabled even though disabled in Control Centre https://t.co/TojlaAU5Ty,@168205 Let's check into this together. Please tap here to DM and we'll get started: https://t.co/GDrqU22YpT,,18
891091,891090,Fri Oct 13 10:27:58 +0000 2017,@AppleSupport there is an app that won’t update even after I restarted my phone. Is there appstore problem?,"@331574 Let's take a peek. Are you having issues updating any other apps, or just a specific one? Which app specifically?",,18
2065258,2065257,Sat Oct 07 21:13:31 +0000 2017,"@AppleSupport Hi, in my iTunes library, it lists two of some tracks (see image).How can I only one of each track? https://t.co/My2b1DJHtC","@171394 We'd be happy to look this over with you. Please meet us in DM so we may gather information, and better assist. https://t.co/GDrqU22YpT",,22
2208789,2208788,Thu Oct 19 13:15:37 +0000 2017,@AppleSupport I'm trying to sync my iTunes movies and #moviesanywhere. I can not get this pop up to open. Does iTunes have a pop up blocker? https://t.co/OATa7n9Di4,@645698 We can offer some assistance. Let's move to DM and we can try some steps together. https://t.co/GDrqU22YpT,,27
2229382,2280657,Fri Nov 10 17:24:09 +0000 2017,@185087 @662975 @115858 Since the update my battery life on my 6s is awful.,@662974 We can help with your iPhone battery. How long does the battery last from a full charge? Are you charging with the official Apple cable and adapter?,2229381.0,14
199421,199423,Thu Oct 05 11:37:27 +0000 2017,"@AppleSupport Yup I have!! It still hangs, what do I do? Also, I have photos from 2015 that appear in the recent ones on my camera roll. Pls help",@163012 Send us a DM. Let us know the country you're in. https://t.co/GDrqU22YpT,199420.0,29
827058,1824288,Mon Oct 16 23:27:43 +0000 2017,"@115858 My iPhone 6 Plus has crashed, froze and run generally slow since the recent updates. Really poor","@547624 We're here for you!  So that we can look into this with you, can you DM us what iOS version you're currently on? https://t.co/GDrqU22YpT",827056.0,18
301867,301866,Fri Oct 06 18:30:56 +0000 2017,@AppleSupport @115858 fix the off-ish issue with Wi-Fi and Bluetooth in the control center. The UI is deceiving.,@188020 Could you clarify the issue? Bluetooth and Wi-Fi in the Control Center have changed with iOS 11: https://t.co/JxDWijvIa0,,18
556932,556930,Sat Dec 02 19:00:25 +0000 2017,@AppleSupport Here’s a screenshot https://t.co/emH35jsb8X,@250046 We're here to help. Please DM us with your current software version and serial number and we'll help you further. https://t.co/GDrqU22YpT,556933.0,5
655223,655220,Thu Oct 05 03:22:19 +0000 2017,.@AppleSupport entire family's iPhone 6s Pluses are draining battery life like second hand on a clock after ios11 update. Hope fix out soon.,@275867 We want to look into the battery life issues you're facing. Do you know which version of iOS 11 you're using?,,23
803111,803110,Thu Oct 12 15:52:11 +0000 2017,Ever since that update my phone sound (calls and speakerphone) doesn't allow me to hear at all &amp; my camera won't pull up 😠😠😠 @AppleSupport,@311370 We'd like to look into this with you. Reach out via DM using the link below. https://t.co/GDrqU22YpT,,25
716509,716512,Fri Oct 06 12:50:38 +0000 2017,"@AppleSupport Hi, Finally working, my password was not going through even when I know I was typing the correct password. Managed to change password thrice",@227624 We are glad you got this working. Let us know if you need anything else.,716508.0,25
2918931,2918930,Wed Nov 29 00:09:31 +0000 2017,@AppleSupport My account was charged $25 4 times today ($100 total)!! Have no clue why!! Help!,@807896 That’s not the experience we want for you. Let’s get you in touch with our iTunes Store Support team for assistance with this. They can be reached here: https://t.co/SDIe7UiyJN,,16
613126,613125,Wed Nov 22 05:40:49 +0000 2017,@115858 i’m glad i paid $800 for a phone just so it can work like shit,"@265793 We want to do everything we can to resolve any problems you're having. What issues have you been experiencing? Send us a Direct Message, and we'll discuss what we can do to help. https://t.co/GDrqU22YpT",613127.0,16
2731456,2731454,Sun Nov 26 23:11:23 +0000 2017,"Q: has @115858 fixed the bugs from their update (e.g. “I”)?   Follow-up Q: if no, how long can I go without updating until the problem is fixed?","@765717 Hello there. The issue was fixed in iOS 11.1.1.   To update your iPhone, iPad, or iPod touch to the latest version of iOS, go to Settings &gt; General &gt; Software Update and tap Download and Install.  If you've already updated and you're still seeing the issue, DM us. https://t.co/GDrqU22YpT",,27
1346670,1346669,Fri Oct 27 14:34:34 +0000 2017,@AppleSupport Hope the launch is going well! Are you price matching best buy Ipad pro $150 off promotion?,@434033 Hey Mikey! Our Online Sales Team can point you in the right direction. Reach them here: https://t.co/8yjRd1Xo0i,,18
1367628,1367627,Fri Oct 27 20:49:32 +0000 2017,Data breach on my Apple ID today. Not sure @AppleSupport are taking it seriously enough. More angered that my pre-order was deleted also!,@438373 We'd like to see how we can help. Send us a DM with additional details and we'll go from there. https://t.co/GDrqU22YpT,,23
569245,569243,Sun Dec 03 02:54:12 +0000 2017,@AppleSupport @115858 can u help me if all sellers listed under your online retail channel @118702 India are authorized to buy iPhone 8 Plus from?? Wanna buy one and need to confirm on this. Help pls..,@253573 We're happy to help. You can find Authorized Resellers here: https://t.co/94mhpwW7GS,,36
1418595,1418598,Fri Nov 03 04:06:45 +0000 2017,"@AppleSupport This has came up, it's saying that I made an in app purchase for coins. I had a subscription for this app before but I cancelled it as I no longer use this app and I never made an in app purchase with this app.. how can I sort this without paying for something I didn't do?? https://t.co/WUg3npRQqc",@449731 We appreciate the additional info. You should contact our iTunes Store team directly for help: https://t.co/SDIe7UiyJN,1418593.0,59
1776320,1776318,Tue Nov 07 22:57:29 +0000 2017,I️ swear Ian buying shit else from y’all @115858,"@533792 We want to help you. DM us, and we can look into what's going on. https://t.co/GDrqU22YpT",,9
2299814,2299813,Sun Nov 12 10:27:07 +0000 2017,Do iPhones directly from @115858 come unlocked or are they locked to a network? @AppleSupport,"@262091 Our Online Sales Support would be best suited to assist you, you can reach them here:   https://t.co/K0222CJgiB",,15
889060,889059,Sat Nov 25 16:09:10 +0000 2017,@AppleSupport I have bought an iPhone 7 exactly a month ago and my usage is not much as compared to my friends iPhone still I face a lot of problems 1. Battery drains 2. Mobile heating 3. Hangs while using basic app 4. Charge doesnot works sometimes,@331072 Let's look into this together. Could you tell us the exact iOS version your iPhone is running? You can find this by going to Settings &gt; General &gt; About,,47
1102638,1102636,Mon Oct 23 23:18:29 +0000 2017,This new update got my phone all fucked up @115858 cut it out,"@380186 Let us help out. Tell us more about what you're experiencing. Also, which version of iOS 11 are you running?",,13
622688,622686,Wed Nov 22 17:14:20 +0000 2017,@AppleSupport when ever I try to download an app it won’t go past the loading circle even after I have done Touch ID,"@267794 We're glad to help. From the screenshot, it looks like you are on a 4G connection. We recommend attempting this download on a faster connection, preferably Wi-Fi. Let's also verify that cellular data is enabled at Settings &gt; iTunes and App Store.",,23
1406195,1406196,Wed Nov 01 19:53:16 +0000 2017,"What’s up with the App Store, @AppleSupport? https://t.co/MfnraQWtoj","@261196 We want to make sure your App Store is working as expected. Send us a DM so we can get some details, and help you out. https://t.co/GDrqU22YpT",,8
1138016,1138015,Sun Oct 15 15:06:21 +0000 2017,@118721 @AppleSupport @115858 Can someone please tell me. Why i got charged for 1600 for itunes,"@388044 We'd love to look into this with you. To get started, reach out to our iTunes Support team:  https://t.co/SDIe7UiyJN",,16
610287,610286,Wed Oct 04 05:39:57 +0000 2017,I hate this new update for my #Iphone it is fucking up my battery life.. wtf!! Is up #Apple yaa doing a bad job. Retweet this true. @115858 @AppleSupport,@265096 Let's be sure your iPhone is working well with iOS 11. Have you had the chance to backup and update to iOS 11.0.2 yet?,,29
2266166,2266165,Sat Nov 11 03:41:41 +0000 2017,i ain't texting back till @AppleSupport gets rid of this damn hieroglyphics glitch,"@659623 An update has been released to assist with this issue. If you haven’t yet, please back up your device and update it to iOS 11.1.1. For more info, check out: https://t.co/4f8hwT5to6 DM us here for additional assistance. https://t.co/GDrqU22YpT",,13
1598205,2012714,Sun Nov 05 04:03:56 +0000 2017,"@180336 @AppleSupport Glitches, Malfunctions, Battery Killer, Sucking the life out of my phone 📱 so we are forced to buy the new phones! BS!",@595147 Definitely not what we want you to experience. We'd love to help. Let us know which iPhone &amp; iOS version you're using in DM. https://t.co/GDrqU22YpT,1598120.0,24
989613,989612,Sun Oct 22 03:51:40 +0000 2017,@115858 tired of my WiFi dropping. There is a serious BUG with the newer iPhones (7 and up) !! My iPhone 6 can’t be near a 7/8 or ill drop!!,@354432 How many devices are connecting to your Wi-Fi network at a time? Does this issue happen when only a few iPhones are connected?,,30
868836,868835,Mon Oct 09 18:44:35 +0000 2017,Stop automatically turning on my WiFi &amp; Bluetooth @AppleSupport @115858,@326300 You can toggle those features off from Settings &gt; Wi-Fi and Settings &gt; Bluetooth on your iPhone.,,10
851252,851254,Wed Oct 18 19:18:15 +0000 2017,@AppleSupport 7+ 11.1,@322220 Ok. Let's continue in DM: https://t.co/GDrqU22YpT,851251.0,3
1478356,1478355,Thu Nov 02 21:57:35 +0000 2017,@115858 help i broke my iphone screen again.,@463292 Help is on the way. Send us a DM to get started. https://t.co/GDrqU22YpT,,8
1748847,1748845,Tue Oct 17 20:15:49 +0000 2017,@AppleSupport My phone keeps on freezing for like a couple of minutes constantly. Shutdown/restarts don’t work. iPhone 7 -32GB,"@527134 Your iPhone is important to you; we'll do all we can to help. To start, may we know what iOS version is currently installed?",,19
1080370,1080368,Mon Oct 23 19:53:29 +0000 2017,@115858 why is it that when I update my phone to the new software it refuses to charge? Is this a ploy for me 2 buy a new phone? NOT DOING IT,"@374863 Being able to charge your iPhone is essential; we'll do all we can to help. To start, let's try: https://t.co/EqJrZrFL9k",,32
957209,957208,Wed Oct 11 05:32:16 +0000 2017,"IOs de merde faut mettre à jour le os @AppleSupport.. je reçois des appels j’ai rien sur l’écran, je ne peux pas répondre!",@347111 We offer support via Twitter in English. Contact us for help in your preferred language here: https://t.co/IBIY3vMgPj,,23
585963,585961,Sun Dec 03 09:53:57 +0000 2017,@AppleSupport dear @115858 I tried desperately to access my iphone6 plus via my iTunes but nothing works ! Could you please give me explanation! https://t.co/6g1qXcPF5g,@258350 Let's work through those messages you're seeing. Are we able to unlock your iPhone with the passcode?,,25
1301294,1301292,Thu Oct 26 23:43:31 +0000 2017,Does anyone know how to fix the @AppleSupport #ios11 issue where I make calls and press speaker and the speaker does not work?!?? @115858,"@424127 We're here to help. To isolate the root of the cause, does the same behavior occur when listening to Voicemail via speaker?",,24
2038018,2038017,Tue Nov 07 02:41:18 +0000 2017,@AppleSupport this keeps happening. I’ll put in my unlock code. This happens. Then I️t asks me to unlock again. #iphonex https://t.co/JxyhvjnRM0,@602596  We'd love to look into this. We see how this behavior can cause some issues for you. What device model is this? Send us a DM. https://t.co/GDrqU22YpT,,21
1752350,1752349,Tue Nov 07 15:42:56 +0000 2017,@AppleSupport Just messaged you. Kindly help,"@527917 We've received your DM, and we'll continue to work with you there.",1752351.0,6
2759051,2759049,Tue Nov 21 04:01:43 +0000 2017,@AppleSupport @AppleSupport the photos are starting to restore VERY SLOWLY. What just happened? My iphone  never glitched or froze like this until beginning of this month. I have 128 gb &amp; have 70+gb space left. How to prevent this from happening again? Why did this happen? please reply!,"@772042 We're glad to hear photos are restoring. Let's work together in DM where we can investigate the behavior further, and ensure your photos are safe moving forward. https://t.co/GDrqU22YpT",2759052.0,48
465487,465486,Fri Dec 01 04:13:48 +0000 2017,"@AppleSupport, Hey I have updated my IPhone 6s to iOS 11.1.2 and its drains my battery like crazy.... please help",@153629 Thanks for reaching out. We'd like some additional details to assist. Send us a Direct Message using the link below and we'll take it from there. https://t.co/GDrqU22YpT,,20
2279229,2279228,Sat Nov 11 04:35:34 +0000 2017,@115858 needs to get it together and fix this “I️” bug ASAP. This is ridiculous,"@662662 iOS 11.1.1 was recently released and it includes a fix for autocorrect issues. Be sure to back up your device prior to updating, and let us know if the issue persists afterwards. How to back up: https://t.co/4f8hwT5to6",,15
487940,487942,Fri Dec 01 16:06:17 +0000 2017,@AppleSupport iOS 11 and my battery totally sucks but costs wayyyy to much to fix,@231142 You can update to the newest version iOS 11.1.2.  You want to make sure to back up your iPhone before updating. This article explains how: https://t.co/4f8hwT5to6,487939.0,15
2058297,2058296,Fri Oct 06 23:46:39 +0000 2017,"@AppleSupport I have my screen as dark as possible, turned off email refreshing and phone still dies within 20 minutes of charging it.. wtf",@608747 We'd be happy to help out! Which device are you using and what's its software version? DM us the answer here: https://t.co/GDrqU22YpT,,24
1676747,1676752,Tue Oct 17 16:22:16 +0000 2017,@AppleSupport Update or restore window is not shown in I tunes,@510037 Understood. Which version of iTunes are you running? Let us know in DM and we'll continue there. https://t.co/GDrqU22YpT,1676746.0,11
995741,995740,Thu Oct 12 02:48:03 +0000 2017,@115858 my phone has been charging since 8:00pm.. and it keeps freezing. Can you fix iOS 11 please!,@355860 We've got your back. Meet with us in DM and we'll work together on this. https://t.co/GDrqU22YpT,,18
1636126,1636129,Tue Oct 17 13:13:27 +0000 2017,@AppleSupport And all the notifications setting are on,@500442 Are there any available updates for this particular app in the App Store? Are all other notifications working fine?,1636125.0,8
2944496,2944495,Wed Nov 29 10:14:23 +0000 2017,"The ROOT user does NOT have a password! Type root into ANY 'locked' box and click on the password text box, then click 'Okay'. I'm currently logged into my Macbook AS ROOT @115858 @AppleSupport",@813401 Hey! Meet up with us in Direct Message at the link below. We'd love to provide you more guidance on this today. https://t.co/GDrqU22YpT,,34
2293136,2293135,Sat Nov 11 20:33:22 +0000 2017,"Actualicé mi iphone para ver los nuevos emojis y la verdad no valen la pena ahora mi celu se traba horrible, @115858 no hará nada o que si ya van como 3 actualizaciones y sigue fallando el maldito iOS",@665919 Thanks for reaching out. We offer support via Twitter in English. Get help in Spanish here: https://t.co/IBIY3vMgPj or join: https://t.co/OczyRx7IOs,,39
2121616,2121615,Wed Nov 08 09:43:36 +0000 2017,"Also, intermittent 4G dropping to 3G . . . BUT NO INTERNET Should I go on!!!!!! @AppleSupport @2310","@625075 We know how important it is to have your devices working together, and how valuable your time is. Send us a DM to begin. https://t.co/GDrqU22YpT",2121617.0,18
1350169,1350168,Mon Oct 16 14:40:18 +0000 2017,Bruh I got up at 9 it’s 10:39 my phone is at 10%......IT WAS AT 100 AT 9 @115858 WTF IS UP WITH THIS BATTERY LIFE COMMON BRUH!!!!,@434844 We're here to help. Let's take this to DM so we can better assist you. https://t.co/GDrqU22YpT,,28
2290488,2290489,Sun Nov 12 07:50:44 +0000 2017,@AppleSupport Ios 11.1 and i am facing problems with only App Store downloads,"@665342 We'll do all we can to help out. If you go to Settings &gt; General &gt; Software Update, are you able to update to 11.1.1?",2290487.0,13
961133,961132,Sun Oct 22 00:30:56 +0000 2017,@42455 @118721 @115858 My iTunes acct has been double charged twice in 2 days! This is unacceptable and must be corrected ASAP. #RT,@348090 This article will help you get help with a purchase: https://t.co/A5QhKRZhQQ Reach out to iTunes for help: https://t.co/SDIe7UiyJN,,23
1589399,1589398,Sat Nov 04 19:45:37 +0000 2017,"Holy shit @115858, if you don’t fix this keyboard bug immediately  !  |?|  swear I’m getting a Google Pixel",@488734 Thanks for reaching out. Check out this article for help: https://t.co/xU1AGHStV6,,19
2506703,2506702,Sun Nov 26 19:33:46 +0000 2017,@AppleSupport Can you explain to me as to why earlier when I went into my photos app on my phone that it shut down and now all my photos are gone? Including the ones that were transferred over to my iCloud... they are also gone. Cheers. I want an explanation...,"@714728 We'd love to help with this. First, we know how important your pictures and videos are so we'd like to check to make sure they're available on your account by signing into the iCloud website: https://t.co/MdGttkkFL9 DM us using the following link and we'll dig in. https://t.co/GDrqU22YpT",,50
1176307,1176305,Wed Oct 25 00:28:30 +0000 2017,".@AppleSupport new update is really awful. This is lock screen. Won’t go away &amp; I have no messages, no apps open.Many small glitches like it https://t.co/pUeljqnE7a",@396699 We'd like to look into this with you. What is your current iOS? You can find this at Settings &gt; General &gt; About.,,26
1747973,1747972,Tue Nov 07 12:05:55 +0000 2017,@AppleSupport why does the App Store keep declining my gift card for free apps and making me verify ? I have no pending Charges with you.,@526921 We’re glad you reached out! You’ll want to contact our iTunes Store Support for help with billing: https://t.co/SDIe7UiyJN,,26
989628,989627,Sat Oct 14 14:04:20 +0000 2017,"@AppleSupport Hello again, this screen froze over the video playing underneath. This happens sometimes, do you know what it’s about https://t.co/HircLHHwik","@354437 Let's resolve that issue. Which macOS version is running currently? Also, have you tried to restart? If not, try that out.",989629.0,21
1861773,1861772,Thu Oct 19 17:21:02 +0000 2017,@AppleSupport why is my Apple Watch screen separating from its casing?,@556429 That's certainly no way to enjoy your device. DM us &amp; tell us what country you're located in &amp; we'll look into the options. https://t.co/GDrqU22YpT,,11
1762229,1762228,Tue Nov 07 19:09:17 +0000 2017,@115858 @AppleSupport  WHO IS RESPONSIBLE FOR ME NOT BEING ABLE TO WRITE IN FIRST PERSON?? ID RATHER HAVE A SIDEKICK RIGHT NOW I️ HATE YOU,@530237 Here’s what you can do to work around the issue until it’s fixed in a future software update: https://t.co/xXaXeeSRt9,,25
2777593,2777595,Tue Nov 21 17:15:12 +0000 2017,@AppleSupport Thanks for ur swift response.. I am using MacBook Air with MacOS High Sierra. Twitter app I am using is the upto date version   @TwitterSupport,@776009 So you're all up to date. That's great. Are you able to use the full character count on your Twitter account from a browser? Are you able to uninstall and install the application to see if this has any impact on the issue? DM us and we'll work with you there. https://t.co/GDrqU22YpT,2777592.0,26
1064954,1064953,Mon Oct 23 12:14:48 +0000 2017,@AppleSupport @115858 #ios11 losing 1 percent battery every 30 seconds after upgrading my 6s. Please fix it ASAP.,@371432 Thanks for reaching out. DM the specific iOS version you are using to get started. https://t.co/GDrqU22YpT,,18
2299798,2299797,Sun Nov 12 10:20:25 +0000 2017,"@AppleSupport My iPhone 6S camera is getting stuck every time, after rebooting,Reopen app it works fine.what shud i do to resolve problem https://t.co/i2vwdlUHuL","@567766 We’d love to team up with you on this. Are you using the Camera app when you see this or another app? Also, is it your front, rear, or both cameras that show a black screen?",,23
373344,373342,Sun Oct 08 23:24:38 +0000 2017,So my phone says it’s connected to the charger but isn’t charging... any advice? @115858,@204469 Hi! Let's try the steps listed here: https://t.co/uqxquyfdn0,,15
2485766,2485765,Wed Nov 15 13:30:49 +0000 2017,Apple took payment twice for my iPhone on https://t.co/R4c0oDPXg2?! No one at Apple is willing to help?!? Disgraceful @AppleSupport,"@710048 We're more than willing to help. Just to clarity, was this a purchase of a new iPhone? Can you tell us what region you currently reside in? Let us know in DM. https://t.co/GDrqU22YpT",,19
1797067,1797066,Fri Oct 13 20:39:26 +0000 2017,"@AppleSupport My mmams iPhone 6 has been restarted and now is stuck on the choose wifi network screen. The password wont work, please help.",@539970 Let’s team up to get her reconnected. Does this happen with multiple Wi-Fi networks? Let us know via a DM. We’ll go from there. https://t.co/GDrqU22YpT,,24
1689421,1689423,Mon Nov 06 22:51:46 +0000 2017,@AppleSupport 7 plus. I plug my charger cord to my car,@512951 Thank you. Can you tell us what happens or what is expected to happen when plugging the phone into the car?,1689420.0,11
2945810,2945809,Wed Nov 29 11:28:00 +0000 2017,@AppleSupport I have the X and when ever someone calls me my ringer is really loud and then all of a sudden it goes down automatically to a lower volume level. How can I fix this problem? Why does it do that anyway? #HelpMeApple,"@481442 You’re in the right place for help. To help isolate the behavior you’re noticing, can you tell us if you have Face ID enabled on your iPhone?",,44
2038167,2039133,Thu Oct 05 05:52:07 +0000 2017,"@337470 @AppleSupport I guess it depends on if they benchmark it against the iphone 7 Plus - which also turns off, often...!",@602932 We'd be happy to help with any issues you might be having with your iPhone 7 Plus. Send us a DM and we'll go from there. https://t.co/GDrqU22YpT,2038166.0,22
459545,459547,Fri Dec 01 01:43:08 +0000 2017,@AppleSupport 11.1.2,@224171 Have you had the opportunity to restart your phone since this happened?,459544.0,2
2291633,2291632,Sun Nov 26 14:58:04 +0000 2017,"@AppleSupport Time, battery &amp; network constantly disappearing in my #iPhoneX https://t.co/Um12FDAFkX","@665551 That's unexpected, but we'd be happy to help. Which version of iOS do you have? Does it reappear after restarting your iPhone?",,11
1367027,1367026,Fri Oct 27 20:45:14 +0000 2017,@AppleSupport I am waiting since 3 !!! months for a solution for my issue with the iPad Air. What kind of support is this?,@438222 We'd be happy to assist with your iPad today. Send us a DM to get started. https://t.co/GDrqU22YpT,,24
2310610,2310609,Mon Nov 13 03:47:06 +0000 2017,@AppleSupport After updating to macOS High Sierra version 10.13.1 I have not been able to connect to my internet router. My other devices that are connected to the same internet work fine. Connecting with a hotspot works. How do I fix the main internet connection? https://t.co/ofjahv1wOR,"@670131 Let's work on a solution together. To start, please DM us with the model Mac you're using and the country where you're located. We look forward to working with you. https://t.co/GDrqU22YpT",,46
1158017,1158016,Tue Oct 24 15:56:34 +0000 2017,i left my house 30 minutes ago with a full battery and my phone is on 30% fix this .@115858,@392411 We know battery life is important. We'd like to help out. We recommend giving this link a look: https://t.co/bivpdfBNJ6,,20
619417,619415,Wed Nov 22 11:37:21 +0000 2017,"@115858 since update 11.1.1 (15B150) is the power consumption higher then before 😩 didn‘t change the usage, until this update the iPhone7 works 1 1/2 day without recharge and now it didn‘t last until night",@266988 We can help. Battery life is very important and let's make sure we're getting the most out of yours. Let us know if this helps: https://t.co/bivpdfBNJ6 https://t.co/GDrqU22YpT,,35
1394067,1394065,Sat Oct 28 07:20:11 +0000 2017,"@AppleSupport How to keep HDR ON, always in the camera app. It keeps to turn off even with Preserve settings selected.",@328727 That's a great question. Check out this article for information on the HDR feature: https://t.co/ac6jYTuXab,,21
1083355,1083357,Sun Oct 15 02:20:26 +0000 2017,@AppleSupport I’m on 11.0.1 but no wifi to be able to update 😭 &amp; the only thing i can thing of is it went into a cup of water 11mths ago but had no issues,"@375548 Meet up with us in a Direct Message. From there, we'll gather some additional information on this and move forward. https://t.co/GDrqU22YpT",1083353.0,35
1911454,1911453,Thu Oct 26 17:24:40 +0000 2017,iPhone 6s taking a big crap cause the new phones are coming... 🙄🙄🙄🙄very annoyed w @115858 #rethinkingapple #missingmygooglephone,@569405 We're happy to look into issues you're experiencing with your iPhone. DM us details of what's happening to get started. https://t.co/GDrqU22YpT,,18
2406739,2406742,Tue Nov 14 15:25:06 +0000 2017,@AppleSupport And my screen skips like a scratched cd every now and then! I’ve never had so many problems with an IOS update before,"@395550 Let's see how we can improve this. About how long does your battery last on a full charge? When you say your screen skips, do you mean at times it is unresponsive? Let us know in a DM and we'll go from there. https://t.co/GDrqU22YpT",2406738.0,24
2191187,2191186,Thu Oct 19 06:48:36 +0000 2017,"@AppleSupport I’m in the uk, will the series 3 Apple Watch with gps and cellular work with 3 mobile",@136079 Great question. Here's a list of networks and carriers compatible with Apple Watch Series 3: https://t.co/WuqDNKIme1,,19
2897741,2897739,Tue Nov 28 16:46:08 +0000 2017,@AppleSupport I've been trying to reset my Apple ID information for DAYS but I've yet to get more info on my phone. When I call YOU the line goes silent. What is going on?! #TerribleCustomerService,"@802858 We might be able to help you here. Just to clarify, are you trying to reset your Apple ID password?",,35
2680183,2680182,Sun Nov 19 09:00:36 +0000 2017,Dear @AppleSupport ... my iPhone 6 randomly died tonight...for no reason at all. Battery was fully charged and everything. This has never happened before. Why would this happen?,@754078 Thanks for reaching out. We know how important it is to have your iPhone working and want to help. Let's follow the steps here: https://t.co/8MvHMFZ83h,,28
2456170,2456169,Wed Nov 15 03:41:24 +0000 2017,"@AppleSupport Hello, why with iPhone X I have to reinstall some apps before they become iPhone X compatible and adapt to its screen size? Updating the apps does not seem to work for me!","@703582 We can definitely help with your new iPhone X. DM us, and let us know what apps you're having this issue with. We'll look into this. https://t.co/GDrqU22YpT",,34
2143301,2143300,Wed Nov 08 22:44:44 +0000 2017,My iPhone is saying there’s No SIM Card installed when it is. Worst part is I can’t call or text at all. Any suggestions @AppleSupport? I’ve tried to remove the SIM but it wouldn’t budge.,"@630145 It's important to be able to make and receive calls and texts, so we'd like to help. Let's start here: https://t.co/UTP2qBi1Is",,35
2300671,2300670,Sun Nov 12 13:26:03 +0000 2017,@AppleSupport facing problems with iPhone x contacted the customer care twice.. both time told to reset or install everything again. 1/2,@667733 We want to look into this with you. Meet us in DM and we'll pick up from there. https://t.co/GDrqU22YpT,,21
312598,312597,Sat Oct 07 01:45:38 +0000 2017,@AppleSupport iOS 11.0.2.  iOS used to control volume via Bluetooth without plugging in.  Not anymore it seems.,@190655 We'd like to investigate further with you! Send us a DM and we can continue from there. https://t.co/GDrqU22YpT,312599.0,17
2850842,2850841,Mon Nov 27 19:19:33 +0000 2017,"🍏 @AppleSupport 🍎 In a loop on your website (iPhone 7+, Safari, iOS 11.0.3). Trying to click through to a particular model but loop back to enclosed link, aka the Watch Home. On reliable WiFi &amp; mobile network. #headsUp #support  https://t.co/qO9YYRNe4d","@792693 That's certainly not supposed to happen. Let's see what we can do to ensure you're able to navigate the website. To help get us started, have you had the chance to force quit and reopen Safari? If not, those steps are here: https://t.co/RqqIctrDWV",,41
242530,242529,Wed Oct 04 00:32:37 +0000 2017,"@AppleSupport my iPhone used to work fine with my BMW iDrive. After ios11, it won’t work (music and texts)!  Please help!",@173610 We want to help. What happens when you try?,,21
2952383,2952381,Wed Nov 29 17:47:32 +0000 2017,@AppleSupport Why do my playlists start over? It seems like every time I connect to Bluetooth they reset.,@815213 We'd be happy to look into this with you. Could you please confirm what device you're having this issue on?,,18
2516000,2516002,Wed Nov 15 23:39:49 +0000 2017,"@AppleSupport No, it goes away after I restart the application. But, why is this still happening (repeatedly)? I never faced this issue with previous versions of iOS. 😕",@128696 Let's check it out together. Send us a DM and let us know if the issue happens in any other apps besides the App Store. https://t.co/GDrqU22YpT,2515999.0,28
165787,165785,Fri Nov 24 20:05:17 +0000 2017,My macbook’s trackpad &amp; keyboard are frozen! How can i fix this? I can’t access it at all @AppleSupport https://t.co/4Z4zu1nQSW,@154491 Hi. We're here to help you. Have you tried forcing your MacBook to shutdown by holding down the power button?,,20
2398136,2398135,Tue Nov 14 04:50:45 +0000 2017,Why do my speakers keep cracking @115858,"@690171 We'd like to help. Let's take this to DM and we'll explore ways to provide you assistance. Also, let us know which model iPhone you have. https://t.co/GDrqU22YpT",,7
1852307,1852306,Thu Oct 19 00:51:39 +0000 2017,"@AppleSupport idk what this update did to my phone, but it’s slow as shit now &amp; apps crash all the time. Why’s this happen before upgrades?",@554352 We certainly don't want that happening. Please send us a DM and we will look into this together. https://t.co/GDrqU22YpT,,26
1674145,1674147,Mon Nov 06 21:00:27 +0000 2017,"@AppleSupport IOS 11.1. my keyboard is messing up, my apps close out, my battery dies 2 times a day, my phone lags. what is going on?",@509400 Thanks again. DM the country or region where you are currently located to continue. https://t.co/GDrqU22YpT,1674143.0,26
2032633,2032632,Tue Nov 07 11:36:00 +0000 2017,@AppleSupport everything looks pixelated and bad. My camera also goes dark often,@601060 We're happy to look into this with you. Which software version is installed? Let us know in DM; we'll go from there. https://t.co/GDrqU22YpT,,12
2376102,2376101,Tue Nov 14 02:40:23 +0000 2017,@115858 my iPhone 8 is less than a month old. Look at my earbuds. #CustomerService please https://t.co/pfOXBBuAcP,@685361 Thanks for contacting us. We can definitely look into the options available for your EarPods. Send us a DM and let us know your country of residence to get started. https://t.co/GDrqU22YpT,,17
2703219,2703217,Sun Nov 19 21:39:23 +0000 2017,"@AppleSupport.   ON MY IPAD, WHEN UPDATING IN THE APP STORE. UPDATING THE APS. ALOT OF TIMES. I GET ASKED FOR MY OLD USER PASSWORD. AS I CHANGED USER IDS. IT SAYS, SOME APPS WERE FROM PREVIOUS USER. WELL AS I HAVE A CURRENT ACTIVE NAME, WHY THE NEED TO REENTER PAST USER UPDATES.","@759277 When you say you changed user ID's, did you create a completely new Apple ID account? Let us know in a DM and we'll figure this out with you. https://t.co/GDrqU22YpT",,53
1616908,1616910,Sat Nov 25 13:46:32 +0000 2017,@AppleSupport From the App Store. There was a notification at the upper right hand corner that I clicked.,@495819 OK. Let's continue in DM. https://t.co/GDrqU22YpT,1616907.0,18
1909443,1909442,Tue Oct 24 19:39:11 +0000 2017,@AppleSupport the update has screwed my phone up so much. When are you fixing the bugs? My alarms don’t work and I can’t hear on calls 😡,"@398071 We're happy to help. DM us your specific software version from Settings &gt; General &gt; About, next to version. We can go from there. https://t.co/GDrqU2kzhr",,27
57352,661516,Thu Nov 23 01:02:40 +0000 2017,@115858 I told my provider some issues that I have and they told me Apple would probably replace it since I still have a warranty 🤔,"@129004 We're certainly happy to look into all options with you! We've also received your DM message, and will respond from there.",57351.0,26
682190,682188,Thu Oct 05 17:19:31 +0000 2017,@applesupport is the battery draining fast on iOS 11 already fix on latest update iOS11.02?,@282812 Please update and test for a while. https://t.co/ahjigcvFRG Then DM us and give us an update. https://t.co/GDrqU22YpT,,15
358878,358877,Sun Oct 08 11:51:41 +0000 2017,"Muy linda y todo la actualización de iOS 11 pero me está volviendo mierda la batería, ¿ahí que @AppleSupport?",@200988 We offer support via Twitter in English. Get help in Spanish here: https://t.co/IBIY3vMgPj or join https://t.co/OczyRx7IOs,,19
2618309,2618307,Fri Nov 17 08:52:28 +0000 2017,"I can’t be going crazy, I’m sure my phones WiFi keeps turning itself on @AppleSupport",@124066 We're here to help out. When did you start noticing this? Will it occur on all Wi-Fi networks or just one specific network?,,15
1773730,1773729,Wed Nov 08 00:53:24 +0000 2017,@AppleSupport Does Apple no longer sell a wired USB keyboard??,@202812 Hi! Great question. Our Online Sales Team can help out with keyboards. Reach them here: https://t.co/8yjRd1Xo0i,,10
939760,939759,Sat Oct 21 04:40:15 +0000 2017,My phone went from 100% to 40% in a 2 hour period. My Bluetooth is off and my brightness is less than halfway. iOS11 sucks @115858,@342776 This is certainly not the behavior we want you to experience. Could you tell us which iPhone and iOS version you're using?,,26
2502037,2502036,Wed Nov 15 19:39:11 +0000 2017,@AppleSupport unable to connect the wifi it shows it’s connected but the wifi signal is not showing &amp; unable to connect other wifi as well.. https://t.co/CcT9BNLYE6,@713678 We would be glad to help with your Wi-Fi. Try the steps in this article: https://t.co/tdmlmF3jQa,,26
1706831,1706830,Mon Nov 06 21:48:39 +0000 2017,Updated my phone now its acting crazy &amp; I still haven’t got my X I order on the 27th 🤬 @AppleSupport,@517263 We'd love to assist you with your current device. Can you tell us what is happening specifically?,,21
2774420,2774419,Tue Nov 21 11:27:45 +0000 2017,IOS11 you suck. Battery now sucks. Hate TV bring cam video app. Type a text and made a coffee waitin for it to appear. Fix your shit Apple!!! @AppleSupport @115858,@775371 Let's help. Follow up with us in DM. Tell us the version of iOS 11 there. We'll take a closer look with you there. https://t.co/GDrqU22YpT,,30
859801,859799,Fri Oct 13 11:30:29 +0000 2017,"@AppleSupport My mum's iPhone keeps draining really quickly. She went out with it on 100%, came home 2 hours later on 23%. She sent 1 text.",@324137 We'd be more than happy to help with that iPhone. Could you tell us which iPhone and the exact version of iOS she is using?,,26
2285583,2285585,Sun Nov 12 11:10:02 +0000 2017,@AppleSupport @115858  thanks for reply. V11.1.1 (15B150).  I read the first few days it drains due to cache updates? Welcome your help!,"@664162 Ok, great. How long does your battery last on a full charge? Let us know in a DM. https://t.co/GDrqU22YpT",2285582.0,22
711662,711661,Tue Oct 10 21:03:50 +0000 2017,"Ever since I update my phone, when someone call, I most definitely can’t hear them at all. This a brand new phone 😑 @115858",@290193 We’d like to help get you back to enjoying your iPhone. What model iPhone do you have? Have you been able to restart your iPhone?,,24
878549,878547,Mon Oct 09 22:22:25 +0000 2017,@115858 I purchased a lightning cord from an Apple Store less then a mth ago and it stop’d working out of nowhere. Do you offer replacements,@328577 We'll be happy to look into service options with you. Send us a DM to get started. https://t.co/GDrqU22YpT,,26
642051,642048,Wed Nov 22 20:10:20 +0000 2017,@115858 your new download makes my phone die so quickly! Fix it or you will lose another customer,"@272372 We want to help you with your batter performance. We know how important it is to have a full battery in order to use your phone throughout the day. Are you using iOS 11.1.2? Also, take a look at these steps to optimize your battery life. https://t.co/bivpdfBNJ6",,18
2266083,2266082,Sat Nov 11 03:51:15 +0000 2017,@AppleSupport It’s been happening for several wks. At least 3-5 times during workday. I did just update iOS today. No updates available for pandora,@659601 We'd like to investigate further with you. Send us a DM and we can troubleshoot more from there. https://t.co/GDrqU22YpT,2266084.0,24
1849298,1857986,Thu Oct 19 11:26:34 +0000 2017,"@553708 @AppleSupport Updates turned on apps I had off: Bluetooth, search for WiFi, etc. battery draining at rapid rate.","@555580 We'd like to help. In DM, please let us know the exact version of iOS 11 you're using, and we'll take a closer look. https://t.co/GDrqU22YpT",1849297.0,19
2914660,2914658,Tue Nov 28 22:47:06 +0000 2017,@AppleSupport I don’t mean the microphone audio I’m talking about if I record a video of twitter or Instagram and then the audio cuts out in like 5 seconds,@806810 The article we provided is about screen recording.  Is that what you are doing?,2914664.0,29
755785,755786,Thu Oct 12 02:31:34 +0000 2017,@AppleSupport Yes. On 2 different wifi,@124883 Got it. Let's meet up in DM to continue looking into this further. https://t.co/GDrqU22YpT,755784.0,6
2557355,2557357,Thu Nov 16 16:26:27 +0000 2017,@AppleSupport Text messages and I'm using iOS,"@726043 Thank you for clarifying. Please DM us so that we can look into this together. Also, can you provide us with the model of your device? https://t.co/GDrqU22YpT",2557354.0,7
2918857,2918856,Wed Nov 29 00:31:15 +0000 2017,@AppleSupport right before you tweeted me this i tried disconnecting and reconnecting to the internet and it worked! thank u for replying fast tho :),"@807882 It's our pleasure. Glad to hear it's working now. If you need anything else, don't hesitate to let us know.",2918858.0,25
122309,122308,Thu Nov 23 16:25:39 +0000 2017,"@AppleSupport I never understood the size of my old backup, but thinking about it it might have grown buy several gigs after I activated iCloud Photo Library 🤔 This was the first after migrating phones. I can delete and re-create it, but I guess it will remain the same.",@143272 That's what we want to check.,122310.0,49
2680372,2680374,Tue Oct 31 15:47:44 +0000 2017,@AppleSupport you can assume I already did all these steps. Order not showing up in my account although I did see a confirmation screen with a number.,@754115 Let's get you in touch with our Online Store Support to look into this further. You can reach them directly: https://t.co/8yjRd1Xo0i,2680371.0,27
538692,538690,Sat Dec 02 04:46:13 +0000 2017,.@115858 😡 stop slowing my phone down with your updates. SMH,@124874 We'd like to look into this with you and get things working properly. What is your current iOS version? You can find it at Settings &gt; General &gt; About.,,11
1864706,1864705,Fri Oct 20 13:49:14 +0000 2017,my phone has gone from 60% to 30% to 50% in the last 10 minutes what the fuck @115858,@557108 We know how vital the battery is. Please check out this article: https://t.co/TpjqFp3jxD    DM us the result. https://t.co/GDrqU22YpT,,19
2229317,2229316,Fri Nov 10 10:51:47 +0000 2017,"@AppleSupport locked out of my iCloud account with no way to recover (forgot security questions), any way to unlock?",@650573 Our Account Security team would best be able to assist you. You can contact them here:  https://t.co/UJm15vmMM2,,19
1448102,1448101,Thu Nov 02 14:50:52 +0000 2017,@115858 @AppleSupport ios11 is very buggy. This happens often - the phone is locked but the lock screen loses all display. No time/music https://t.co/yZbv8lsr2z,@456043 We're here to help. Please DM us which iOS software version you are using and we'll go from there. https://t.co/GDrqU22YpT,,24
2646268,2646267,Fri Nov 17 21:29:28 +0000 2017,@AppleSupport am I able to make folders for playlists on my device/Apple Music and not through iTunes?,"@594272 Hello. We're here to answer your questions. If you're looking to organize your playlists into folders, that would need to be done via iTunes on a Mac or PC.",,17
1407837,1407838,Tue Oct 17 17:15:09 +0000 2017,"@AppleSupport It happens whenever it is on, whether it's logged in or when I'm typing in my password",@447237 Let's dig into this deeper over DM. Please message us there: https://t.co/GDrqU22YpT,1407836.0,18
1241145,1241147,Wed Oct 25 22:23:17 +0000 2017,@AppleSupport How do I make it so that it’s saved on my device instead? And why can’t I retrieve them from iCloud with my network service on.,@406913 This article should help with that: https://t.co/c8MyW0Qo56,1241144.0,27
1631165,1631164,Sun Nov 05 16:36:42 +0000 2017,Hey @AppleSupport when you gonna fix the typing of “I” being corrected to I️?,@499213 Thanks for reaching out. We have a workaround for this here: https://t.co/xXaXeeSRt9,,14
889155,889154,Sat Nov 25 15:44:46 +0000 2017,@AppleSupport how do i stop getting these notifications every single day i back my stuff up through google because it’s infinitely better than iCloud https://t.co/sZiwZkiDYX,"@331093 Hello! Take a look at this article: https://t.co/7vNd2QAL5s Scroll down to the section titled ""Backups"".",,25
1305631,1305630,Fri Oct 27 02:12:06 +0000 2017,"@AppleSupport why is it when I FaceTime people, after a few minutes the call ends??",@425105 Let's work together and get this resolved. Which device is this occurring on and which iOS or macOS is installed on it?,,15
1542730,1542729,Fri Nov 03 18:45:49 +0000 2017,@115858 update 11.1 both of my iPhones will no longer connect to either of my vehicles stereo units using Bluetooth or cable. Both cars 2015,@477949 Did you have issues prior to the update? Let us know in a DM. https://t.co/GDrqU22YpT,,25
455078,455077,Thu Nov 30 23:10:00 +0000 2017,"Hey @AppleSupport my @118721 &amp; @118936 account keeps saying my credit card info is declined when it shouldn’t be. Now I can’t download my apps, recent tv eps, &amp; music.",@223025 Our iTunes team would be happy to take a look into this with you. You can reach out to them here: https://t.co/SDIe7UiyJN,,30
2401243,2401242,Fri Oct 20 05:08:50 +0000 2017,"@AppleSupport hello,is it possible to take out apple care after your phone has cracked but you are still within 60 days of purchase? #apple",@690883 We'd love to help answer your questions. Shoot us over a Direct Message and we'll see how we can assist. https://t.co/GDrqU22YpT,,24
1679139,1679137,Mon Nov 06 09:52:27 +0000 2017,Hey @AppleSupport and @115858 - you know what would be nice? An update that doesn't f**k your phone/battery life/wifi settings.,@407124 We can help out. What iOS version are you currently on?,,20
2726875,2726874,Mon Nov 20 07:19:06 +0000 2017,"Thankyou @115858 for giving us a broken wifi button in control centre. If I switch off wifi, settings still show its turned on",@764680 We are here to help. Let's take a look at this article. This will help explain the control center in iOS 11. https://t.co/G7BHuQnDS6,,23
184406,184405,Sat Nov 11 07:29:20 +0000 2017,@115858 Videos in my photos are not playing ..I am using iPhone SE .. please help me playing my videos ! Thanks.,@152768 We're happy to assist. Which iOS version are you currently running? Go to Settings &gt; General &gt; About for the version.,,22
2730435,2730434,Mon Nov 20 13:59:10 +0000 2017,@AppleSupport Facing the same issue as many others post IOS 11.1.2. Touchscreen becomes unresponsive time and again. I end up rebooting 3-4 times a day 😞,@765493 We're here to help. Which device are you currently using?,,26
2376045,2376047,Tue Nov 14 03:14:46 +0000 2017,@AppleSupport Yes. Have tried different cables and outlets. Our iPhones are still charging with all of them.,"@685344 Got it. Next, please DM us so that we can look into this together. https://t.co/GDrqU22YpT",2376044.0,17
81818,81820,Thu Nov 30 15:44:10 +0000 2017,"@AppleSupport Yes restarted twice. Even powered off totally. Still not working. My photo app also got all messed up somehow. I had my phone plugged into MacBook Pro, but was only using to charge.","@134122 OK, let's go ahead and delete the Music app, restart then reinstall the Music app from your App Store.  What's happening with your Photos? Send us a DM and let us know. https://t.co/GDrqU2kzhr",81817.0,34
565039,565037,Sun Dec 03 00:14:17 +0000 2017,@AppleSupport why has my MacBook Pro once again broke for the third time? I've paid 700 dollars in repairs in 10 months. Explain please,@252379 We'd like to look into what's going on with your MacBook Pro. Please send us a DM with details of what's happening to get started. https://t.co/GDrqU22YpT,,24
1813756,1813755,Sun Oct 15 08:35:28 +0000 2017,@AppleSupport You guys need to fix IOS ASAP. Music preview on lock screen still does not work for most users. Freezing apps still happens👎🏼,@544888  We want to work with you to find a solution. DM us the apps you are having trouble with in detail and we'll get started. https://t.co/GDrqU22YpT,,24
2835766,2835767,Mon Nov 27 21:31:46 +0000 2017,"@AppleSupport I tried to login to facetime on my friend's iphone, it gave me the same error but his apple id is working perfectly fine on his iphone","@789321 That's very helpful information. In that case, please DM us which country you're tweeting from, and we'll proceed from this point in DM to help get this resolved. https://t.co/GDrqU22YpT",2835765.0,28
553453,553452,Sat Dec 02 16:50:16 +0000 2017,When your @115858 iPhone X screen breaks on its own when I’ve never dropped it or anything 🤦‍♂️ https://t.co/QAj74PwBiU,@249076 Hi. We don't want you to have any issues with your new iPhone X. Let us help. DM us and tell us which country you're located in and we'll look into some options for you. https://t.co/GDrqU22YpT,,19
1001997,1001996,Sun Oct 22 16:56:15 +0000 2017,@115858 @AppleSupport never mind. It resolved itself after about 20 mins,@357186 We're glad the issue has been resolved. Let us know if the issue comes back. We're here to help.,1001998.0,11
2000646,2000645,Thu Nov 02 23:03:15 +0000 2017,@AppleSupport Y’all Got Me Fucked Up y’all better fix this I️ shit🤬🤬🤬,"@591566 We're happy to help. DM us and explain the exact issue you're having. Also, which device and OS version are you using? https://t.co/GDrqU2kzhr",,12
729295,729294,Fri Oct 06 16:05:15 +0000 2017,@115858 you gotta sort this iOS11 battery issue out.. it’s draining SO quick. No a fan ✋🏽,"@294677 We’d love to help with your battery. To start, please send us a DM with which device you are using. https://t.co/GDrqU22YpT",,17
751727,751726,Wed Oct 11 17:18:56 +0000 2017,@AppleSupport Why are all my notifications coming through as ‘in 1 minute’,@299669 We've received your DM and will continue working from there.,,12
2346686,2346685,Wed Oct 11 21:06:34 +0000 2017,My 7 plus iPhone's battery has been dying extremely fast.... does @AppleSupport replace batteries for free...?,@463779 We'd like to help look into your battery issues. Go ahead and send us a DM telling us more details and we can work together. https://t.co/GDrqU22YpT,,16
1817855,1817854,Mon Oct 16 05:20:41 +0000 2017,@AppleSupport @116333 Apple Music family membership. Login fails in Android app. Continuous loop of Apple ID &amp; iTunes login for 1 hour 👿👿,@546041 We're happy to look into this issue with your account signin. DM us if there are any error messages received to start. https://t.co/GDrqU22YpT,,23
2355027,2355025,Mon Nov 13 18:25:28 +0000 2017,Trying To Update My IPhone And This Keeps Popping Up Even Though I Am Connected To The Internet! Helppppp. @AppleSupport @115858 https://t.co/iJy2qWTXHD,"@680388 The connection may be disconnecting during the process. Are you able to try on another Wi-Fi network, or do you have iTunes downloaded to a computer?",,22
2592235,2592233,Fri Nov 17 01:13:20 +0000 2017,It’s sad that the calculator bug still exists @AppleSupport https://t.co/hDvWOioVn3,@300268 We are glad to help with this. Which iOS version is your iPhone using in Settings &gt; General &gt; About?,,10
123718,123717,Fri Nov 24 01:05:33 +0000 2017,@118721 @AppleSupport i bought a song from Little Mix new album but when I go to my library is not even there like I didn’t buy it ?? And also on iTunes is said that I bought a song.  what do i do to get the song i paid for? Or at least give me my money back 🙄🙄 https://t.co/9UDcPv1sKI,"@143663 We can help. Check out the section ""Redownload a song, album, or music video"" here: https://t.co/I39AyMJNgb  Let us know if the song appears there. https://t.co/GDrqU22YpT",,60
690450,690449,Wed Oct 18 11:37:40 +0000 2017,"@AppleSupport it appears from an email I received, someone is using my email to purchase goods from the Apple Store.",@284990 We’d like to understand more about this situation. Please DM us some details and we’ll take it from there. https://t.co/GDrqU22YpT,,20
2790692,2790691,Tue Nov 21 19:58:10 +0000 2017,@AppleSupport Just a little addition:  I tested to set an alarm before rebooting and it didn't work. No pop up notification. No sound. Nothing.  Seems to work now after the reboot 🤷‍♂️ (3/2),"@778876 We're glad to hear rebooting helped with this. If it happens again, or you have any other concerns, please don't hesitate to reach back out to us.",2790693.0,33
2068743,2068742,Sun Oct 08 15:18:36 +0000 2017,"@115858 I know you like to keep everything in house but it’s annoying when I’m told a charger isn’t supported, when I bought it from you! https://t.co/kH6cXlsYYi",@611783 Let's see what we can do to help. Send us a DM with more information about this charger in order to get started. https://t.co/GDrqU22YpT,,27
2120147,2120145,Wed Nov 08 06:53:34 +0000 2017,"Hi @AppleSupport, I'd like to ask you, how do you solve the ""burn-in"" issue on #iPhoneX in the status bar (battery level, signal strength)? This information is displayed almost constantly on the same place and can be easily ""burned-in""? Thank you.",@624738 Thanks for reaching out. Are you having this issue currently? DM and let us know. https://t.co/GDrqU22YpT,,41
1236302,1236300,Wed Oct 25 18:32:36 +0000 2017,Update. @AppleSupport @115858 help. https://t.co/yqTQMTjaI2,@409965 We can look into this with you. Which iPhone and version of iOS 11 are you using?,1236306.0,5
1914641,1914640,Wed Oct 25 21:54:22 +0000 2017,My IPhone is less than 6 months old and the battery doesn’t work anymore on top of that @115858 has apparently terrible customer service,@570320 Thanks for reaching out to us for support. We would love to help you. Please DM us so that we can troubleshoot together. https://t.co/GDrqU22YpT,,24
2005045,2005044,Wed Oct 18 19:32:45 +0000 2017,@AppleSupport hi my 8plus on 10.0.3 has abysmal battery life.,@592923 Battery life is important. Let's make sure that we're getting the most out of it. Let us know if this helps: https://t.co/bivpdfBNJ6,,10
2128178,2128177,Wed Nov 08 18:17:34 +0000 2017,#ios11 is way too big for my #iPhone5s. Serious slowdown and many flaws make it unusable. Very unhappy with the update @115858.,@626530 We certainly want you to be able to use your phone. Click here to connect with us in DM. We'll pick up there: https://t.co/GDrqU22YpT,,22
1061468,1061467,Mon Oct 23 07:17:03 +0000 2017,"@AppleSupport hi, I'd forgotten my password, did the recover, got message saying reset next day at 7pm. Day passed no reset info?!??",@286166 You'll find more info concerning account recovery here: https://t.co/nXAGZj0EE7,,22
295916,295915,Fri Oct 06 15:55:19 +0000 2017,@AppleSupport wtf your support person via app told me to sign out of my Apple ID then back in and now my library won’t load,@186472 We'd like to assist. Could you send us a DM so we can get some more information? https://t.co/GDrqU22YpT,,25
261763,261761,Thu Oct 05 20:46:05 +0000 2017,"MBP not requiring password during screen saver, ignoring setting, on High Sierra. Anyone else seeing this? cc @AppleSupport","@178333 Just to clarify, are you referring to when your Mac wakes from Sleep? https://t.co/eWffTzgeiB Let us know. We'll go from there.",,18
667835,667834,Tue Nov 21 19:49:21 +0000 2017,"@AppleSupport I purchased on iTunes tho I am unable to download it due to space, is it still purchased? I want download it to my Apple iPad when I get it.","@118149 Great question.  Yes if you purchased an App it is available on other devices that you are signed in with.  If you are on iOS 11, you can check under Settings &gt; iTunes &amp; App Store &gt; Your Apple ID &gt; View Apple ID &gt; View Purchase History",,31
1415275,1415273,Thu Nov 02 01:42:00 +0000 2017,"You wanna explain what’s up with my keyboard, @115858 @AppleSupport ? https://t.co/PWwi22s9Rw",@448891 Let's check into to this together.  Does iOS 11.1 show in Settings &gt; General &gt; About?,,12
399953,399955,Mon Oct 09 22:29:03 +0000 2017,@AppleSupport I reset my password twice still disabled ☹️,"@210566 We'd like to look into this, reach out to us here: https://t.co/UJm15vmMM2",399952.0,9
1068848,1068846,Mon Oct 23 15:13:17 +0000 2017,If I could turn auto brightness off and also not have my Bluetooth automatically turn on everytime I start my car that would be nice @115858,@372233 We can certainly help you with Bluetooth and Auto-Brightness. Which iOS version are you running?,,26
1086055,1086054,Mon Oct 23 18:00:27 +0000 2017,@AppleSupport  Is this legit or a hack? Popped up when I was browsing at a site. https://t.co/BWyUaJHkTQ,@376179 Thanks for reaching out! This appears to be a phishing attempt. Check this out for more information: https://t.co/LNMCdqt6fD,,17
2690806,2690804,Sun Nov 19 15:18:13 +0000 2017,Deleted my mail app how do I get it back?? @AppleSupport #iphone6s,@756455 Thanks for reaching out. You can search in the App Store for Mail in order to reinstall it to your iPhone.,,12
2041699,2041698,Wed Nov 08 02:21:04 +0000 2017,how does this seeing boxes thing stop @115858 my phone updated stop playing games,@603698 Here’s what you can do to work around the issue until it’s fixed in a future software update: https://t.co/xXaXeeSRt9 https://t.co/GDrqU22YpT,,14
1821316,1821315,Mon Oct 16 18:28:34 +0000 2017,my @115858 iphone se is slowly breaking and this phone isn’t even a year old,@546790 We're happy to help with any iPhone issues. Tell us more about the exact issue you're experiencing with the device via DM. https://t.co/GDrqU22YpT,,15
1976711,1976710,Wed Nov 01 18:26:08 +0000 2017,@115858 why does my phone change “I” to an exclamation point and a box with a question mark in the middle? @AppleSupport I need answers.,"@585358 That's what we're here for and we're happy to help. To start, DM us with the country where you're located. https://t.co/GDrqU22YpT",,25
1336336,1336335,Fri Oct 27 07:28:35 +0000 2017,@115858 Does Apple India support warranty for iPhone purchased from UAE,@120236 We can help. Which iPhone are inquiring about? Let us know in DM. https://t.co/GDrqU22YpT,,11
1757698,1757697,Tue Nov 07 17:07:25 +0000 2017,"Hey @115858 , the glitch with the I️ key is really annoying. (Oh, of course it worked that time.)",@529180 Here’s what you can do to work around the issue until it’s fixed in a future software update: https://t.co/xXaXeeSRt9,,19
1436695,1436694,Thu Nov 02 09:06:22 +0000 2017,Anyone know what's going on here it's driving me mad @115858 @AppleSupport any ideas I've tried my wifi &amp; mobile data n see won't install ?? https://t.co/w8k61PS6SU,@453523 We're here to help you. Have you checked out this article for your issue: https://t.co/Ui1yTnOCUz,,27
760484,760486,Wed Oct 11 20:15:43 +0000 2017,"@AppleSupport yes I'm using an Apple cables and I've tried both USB ports, including actually plugging my Mac on charge as well and it still does it",@301708 Great steps. Which iOS version is installed under Settings &gt; General &gt; Software Update?,760483.0,27
2280317,2280318,Sun Nov 12 18:26:12 +0000 2017,@AppleSupport They are in the photo app.,"@662897 Okay, let's look into further support options in DM. Send us a message with the country you're located in. We will follow up there. https://t.co/GDrqU22YpT",2280315.0,7
310261,310263,Sat Oct 07 02:13:15 +0000 2017,@AppleSupport I need to update to the latest one but I have everything up to date up until then. And it happens randomly. Not on a specific app,"@190084 Good to know, thanks! Send us a DM, we would like to troubleshoot more from there. https://t.co/GDrqU22YpT",310260.0,28
2354975,2354973,Mon Nov 13 18:48:10 +0000 2017,@AppleSupport I haven’t been able to get hotspots to work from my iPhone 7 Plus or my new iPhone X. What am I doing wrong? https://t.co/TChk2k1IPt,@386460 We want you to be able to use that Personal Hotspot feature. Have you checked to make sure this feature is active on your wireless carriers plan?,,26
2349399,2349398,Mon Nov 13 13:55:53 +0000 2017,"@AppleSupport I’ve purchased extra iCloud space, but I keep getting message that backup hasn’t occurred in over 14 weeks. Usually connected to WiFi and power when backup should occur. https://t.co/YzIjI8OUTS",@679115 We want to be sure your iCloud backup can be completed as normal. Can you tell us what version of iOS you have? Go to Settings &gt; General &gt; About to check on this. https://t.co/GDrqU22YpT,,30
1983811,1983810,Wed Oct 18 18:26:32 +0000 2017,@AppleSupport my phone got stolen and this picture showed up on my iCloud https://t.co/99QwvvYxox,@587200 We'd like to help out with that. Meet up with us in DM and we'll get started. https://t.co/GDrqU22YpT,,14
1288983,1288982,Thu Oct 26 19:06:18 +0000 2017,@AppleSupport My iPhone’s battery drains rapidly. We’re talking 30% in 15-20 minutes of texting/light use. 😫😫😫😫,@227369 That should not be happening. Let us help. Which version of iOS are you using? Let us know in DM. https://t.co/GDrqU22YpT,,16
1596719,1596717,Sat Nov 04 18:22:25 +0000 2017,Can someone at @115858 please explain why these new headphones don’t work in the charging port in my iPod?,@490531 We want to help for sure. Which headphones do you have and do they work on a different device?,,19
587025,587023,Sun Dec 03 11:59:59 +0000 2017,@115858 is awful! The battery said 99% I’ll plug it now it says 17% then I charge it it’s at 41% iOS 11 is a joke ever since all these updates I’ve had constant issues with this!!!,"@123380 We'd be delighted to continue our previous conversation in DM. Additionally, if you haven't yet, let's back up and update your iPhone to iOS 11.2.  Update the iOS software on your iPhone: https://t.co/80YRnjDFDk https://t.co/GDrqU22YpT",,37
2512355,2512357,Wed Nov 15 22:58:22 +0000 2017,"@AppleSupport Yes. So my issue is how do I take that first keyboard that you saw off. Every time I got to text it pops up and I just want it gone. Also, when I just click the keyboard arrow once everything else stays capitalize. It suppose to just capitalize one letter. https://t.co/tz0jg1s3aI","@716015 Let's meet up in DM, so we can take a closer look. Send us a message using the link below. https://t.co/GDrqU22YpT",2512354.0,53
2731328,2731327,Mon Nov 20 15:09:41 +0000 2017,"Literally to the day, I finally pay off my iPhone plan/finish my contract, I get a warning ⚠️ saying my battery needs a service &amp; I need a replacement, so please visit an Apple store.   How convenient for you @115858. This is getting beyond a joke.    @AppleSupport @6623",@765684 We know how essential the battery is to using your iPhone. We'll be happy to look into your options. Can you DM us what country you are in? https://t.co/GDrqU22YpT,,48
1470019,1470018,Thu Nov 02 23:14:44 +0000 2017,@AppleSupport Getting sick of entering my Apple ID password every few days &amp; having to enter my CC security code every time I buy something,@198364 Thanks for reaching out. Please DM us which device is having the issue. We'll start there. https://t.co/GDrqU22YpT,,25
1595035,1595033,Sat Nov 04 17:40:23 +0000 2017,@AppleSupport @AppleSupport where can I find an IPhone 6 Charger cable from retailers that doesn't break after 13 days of use?????,@490109 Thanks for reaching out to us. We'd like to help the best we can. Let's meet in DM. https://t.co/GDrqU22YpT,1595036.0,21
1895850,1895849,Tue Oct 24 10:05:38 +0000 2017,"@AppleSupport 1 question. When the WiFi &amp; mobile data is on the Control Centre, how do we track the phone if 'they' turn it off?🤨🤔","@565068 We understand needing flexibility on the fly. Check out this link regarding the control center, then DM any questions you have. https://t.co/GDrqU22YpT",,25
157777,2680218,Sun Nov 19 08:23:03 +0000 2017,@AppleSupport Hi i have an iPhone 6 and today my screen became white with apple logo and its been on this way sense 1 hour help please,@754090 We're here to help with your iPhone. What was the iPhone doing prior to it going to this white screen? Have you tried to force restart it by pressing the Sleep/Wake button and the Home button? Try that and let us know how it responds: https://t.co/o7nB3pXfMv,157773.0,27
2526374,2526373,Thu Nov 16 02:51:59 +0000 2017,"Lentisimo un asco de software, problemas con wifi @115858 debería reparar este problema https://t.co/tOt9WFFxat",@719356 We offer support via Twitter in English. Get help in Spanish here: https://t.co/IBIY3vMgPj or join https://t.co/OczyRx7IOs,,14
1697462,1697461,Mon Nov 06 22:39:43 +0000 2017,.@AppleSupport WHY CAN I️ NOT TYPE THE LETTER “I️” ON IMESSAGE AND INSTAGRAM I️ WANT IOS10 BACK,@194679 Here’s what you can do to work around the issue until it’s fixed in a future software update: https://t.co/xXaXeeSRt9,,17
1082983,1082982,Mon Oct 23 17:26:19 +0000 2017,@AppleSupport know about #Files app crashing? I just tried to open saved pdf. Every time it crashes. #Fixit,@375454 We're here to help! Send us a DM with the country that you are located in to continue. https://t.co/GDrqU22YpT,,18
2710978,2710977,Mon Nov 20 01:52:36 +0000 2017,"@AppleSupport I’m locked out of my Apple account, don’t know my security questions, and the email that is being sent is being sent to the wrong Email. What can I️ do to get into my account?",@761175 Thanks for contacting us about your Apple ID account. We know how important it is to have access to your Apple ID. We'd like to get you connected with the experts that can help on this. Reach out to them here: https://t.co/UJm15vmMM2,,36
2864856,2864854,Mon Nov 27 23:57:25 +0000 2017,"@AppleSupport It’s happened when using headphones. I don’t think I’ve noticed the issue when connecting via Bluetooth yet. No issue for safari/app videos, just music &amp; podcasts","@178644 Got it. Let’s disconnect the headphones and play the music without any external devices connected. Does the same thing happen? Also, do you have another pair of headphones we can test with?",2864858.0,27
963266,963265,Sat Oct 21 20:58:19 +0000 2017,@348595 @115858 I don't know! I went to plug it in and noticed the little input wasn't there! 😑 why doesn't a $1000 phone have a better charger. Come on 🙄,@348594 We are here to help. DM us your device details and we can take a look at this. https://t.co/GDrqU22YpT,963267.0,31
249162,249161,Thu Oct 05 16:12:08 +0000 2017,@AppleSupport will I ever receive a email from Apple about a possible compromised login? probably a phishing scam just checking to be sure,@175195 We would like to take a look at this further for you. Reach out to us in DM with more information. https://t.co/GDrqU22YpT,,23
2634938,2634937,Fri Nov 17 18:29:39 +0000 2017,@AppleSupport is there a fix for the iOS 11.1.1 battery issue yet? My battery drains while plugged in.,@743867 Great battery life is important to get you and your iPhone through the day. Let's pair up in DM to get a closer look at this. https://t.co/GDrqU22YpT,,18
2552457,2552456,Thu Nov 16 09:42:55 +0000 2017,@AppleSupport hi there  just updated windows 10 with the newfaill update now i cloud gives me this message https://t.co/qITwFSDS5G,"@139371 Hey, there. We'd like to gather some more details on what's going on so that we can do our best to help. Send us a DM and we'll go from there. https://t.co/GDrqU22YpT",,19
919201,919200,Fri Oct 13 20:30:33 +0000 2017,@AppleSupport My #iphone6s keeps freezing after software update. Even after the second update that was supposed to have fixed that. Help!,"@338210 We'd love to assist. By ""second update"" are you referring to iOS 11.0.3? Is it a specific app that's freezing?",,21
2322548,2322550,Mon Nov 13 16:13:15 +0000 2017,@AppleSupport I’ve just restarted the phone and straight away I was unable to login with Touch ID. There is no water damage and the phone is just 2 weeks old. I will see how I go again with a rescan.,"@299830 Got it. To be sure, are there any lotions, moisture, sweat, oils, cuts, or dry skin on the finger you are using? All of these things could affect the iPhone's ability to read the fingerprint.",2322547.0,40
1766705,1766704,Tue Nov 07 21:14:41 +0000 2017,"My phone won’t let me update, it keeps saying i’m not connected to te internet but I am so...@115858 can ya’ll give me a  new phone https://t.co/9SEmytYiNI","@531277 We're happy to look into this issue with you. DM us, and we'll take a look at next steps there. https://t.co/GDrqU22YpT",,27
310269,310268,Fri Oct 06 23:12:17 +0000 2017,just wanna know why my phone keeps turning bluetooth on by itself????  @115858.... wanna explain this????,"@190087 We can look into this. Can you tell us the iOS version of your iPhone? Also, are you disabling Bluetooth from Settings?",,16
704536,704534,Fri Oct 06 01:34:40 +0000 2017,I hate how @115858 s new IOS 11 turns on my WiFi and Bluetooth by itself after I turn it off to save battery...,"@288363 Hello. Wi-Fi is not turned off to save battery, but we can help with how to keep it on. Click here: https://t.co/vzVz37YMv0",,24
2227610,2227609,Mon Nov 06 06:10:10 +0000 2017,If @115858 doesn’t fix this glitch I️ am switchin’,@650220 Here’s what you can do to work around the issue until it’s fixed in a future software update: https://t.co/xXaXeeSRt9,,9
2728286,2728284,Mon Nov 20 07:30:09 +0000 2017,"@AppleSupport Checked time- battery at 54%, checked again 5 minutes later, it was down to 13%. Phone was doing nothing in between. This only happened since installing ios 11. I’ve done all I can think of to reduce battery drain. Help!!","@764997 Hey there. We appreciate you reaching out. What model iPhone are you using, and what is the exact iOS version installed in Settings &gt; General &gt; About? Also, let's make sure your settings are adjusted for improved battery life as listed here: https://t.co/bivpdfBNJ6",,41
1771001,1770999,Wed Nov 08 00:53:53 +0000 2017,@115858 @AppleSupport my wife @70929 didn’t get a lightning to headphone jack adapter with her new X? What gives?,@532382 We're here to help. DM us what country you are located in and we'll go from there.,,19
946692,946691,Sat Oct 21 16:13:16 +0000 2017,Y’all wtf Apple wouldn’t let me download a FREE app with out putting in my credit card info or logging into my PayPal and when I did it,@344488 We received your DM and will continue to work there.,,28
2046050,2046049,Wed Oct 04 20:52:59 +0000 2017,@AppleSupport Ever since I updated my iPhone the Bluetooth won’t stay connected. My phone stays being trash.,@261755 Thanks for reaching out. Which iPhone model do you have? Send us a DM with more details and we'll go from there. https://t.co/GDrqU22YpT,,17
294947,294946,Fri Oct 06 15:32:45 +0000 2017,@115858 You need to fix iOS10.3.3 because the iMessages apps animations do not work.,"@186242 Hi there! Which animations are you referring to, exactly? https://t.co/GDrqU22YpT",,14
2978807,2978806,Thu Nov 30 03:51:01 +0000 2017,"My charger only works half the time and the second my phone isn’t on the charger, it drops like 10% 😐😐😐 @AppleSupport IM TOO POOR FOR THIS","@518240 Thanks for reaching out to us for support. That is certainly not the experience that we wanted you to have with your device, and we are going to do everything we can to help you. When you have a free moment, please DM us so that we can look into this together. https://t.co/GDrqU22YpT",,27
1067803,1067802,Mon Oct 23 14:52:31 +0000 2017,@AppleSupport Is the Pre-Auth for iphone X live on Apple Store app? (For Apple Upgrade Program),@371977 Great question! Our Sales Team would be happy to help with your inquiry. You can reach out here: https://t.co/8yjRd1Xo0i.,,16
1763040,1763038,Tue Nov 07 19:21:37 +0000 2017,"@AppleSupport Had a problem for a long time, just set up my iPhone 8 and its still happening, brightness keeps going down even with auto off",@338713 We're here to help. Did you setup your iPhone with data from a previous iPhone?,,26
2726868,2726870,Mon Nov 20 14:17:10 +0000 2017,@AppleSupport Multiple apps,@764678 Please meet us in DM so we can take a further look at this with you. https://t.co/GDrqU22YpT,2726867.0,3
2307229,2307228,Mon Nov 13 00:36:11 +0000 2017,"Hey @AppleSupport downloaded the update last night, charged my battery around 2pm &amp; already down to 60%.  WTH",@669317 Battery life is important when it comes to our iPhones. We want to work with you on this. Send us a DM. https://t.co/GDrqU22YpT,,18
2146585,2146587,Wed Nov 08 20:56:03 +0000 2017,@AppleSupport Awesome!  I just wanted to be sure it wouldn’t reduce the battery life on the actual iPhone battery if I chose to use it. Thank you!,@272728 You're most welcome! Enjoy the rest of your day.,2146584.0,27
1912776,1912775,Sun Oct 29 01:35:20 +0000 2017,@AppleSupport so gutted about my beloved MacBook Pro! #myaswellhaveboughtasamsung #explodingbattery what can be done to fix this apple? https://t.co/o9E7F5qDLq,@569759 Let's look into this for you. Send us a DM and we can go over some options. https://t.co/GDrqU22YpT,,19
584774,584772,Sun Dec 03 08:01:10 +0000 2017,"@258008 @115858 X key stopped working about a week ago, sometimes it double presses and most of the time it just refuses. Pipe key almost always double presses. Blowing out the keys did nothing and actually ruined a coworkers space bar that was otherwise working fine.","@258007 Let's look into this together. To get started, let us know which device you're using.",584781.0,46
2978773,2978772,Fri Nov 17 17:45:32 +0000 2017,@115858 Charger *,"@821534 If you're running into issues with the battery on your iPhone, we'd like to help you out. Please meet us in DM with the exact issue(s) you're experiencing. Also, please let us know what version of the iOS software you currently have installed. https://t.co/GDrqU22YpT",2978774.0,3
2122546,2122544,Wed Nov 08 09:42:37 +0000 2017,"@AppleSupport ever since the recent update, whenever i get a @917 notification, it pauses my music or youtube video and it’s very annoying when i’m tryna listen to some bangers in the shower n having to keep running to my phone to press play every 5 minutes","@302188 We'll be happy to take a look &amp; get you rocking out again. Just to clarify, is that the only app where notifications do this?",,47
1284606,1284605,Thu Oct 26 17:47:06 +0000 2017,@AppleSupport app icons not showing up on my Apple watch since iPhone update just some weird white thing,@420494 We'd like to look into this. Let us know in DM if this is happening with notifications. https://t.co/GDrqU22YpT,,18
1245477,1245476,Thu Oct 26 00:12:32 +0000 2017,You know when you’ve only had your brand new iPhone 6 months and your charger is already dead @AppleSupport  get better chargers please,@412174 Let's see what we can do to help. Send us a DM and we can look into this for you. https://t.co/GDrqU22YpT,,23
1867109,1867108,Fri Oct 20 19:18:02 +0000 2017,"@AppleSupport  Hi, is there a fix for the horrific lag and unresponsiveness after doing the 11.0.3 update on the 2nd gen iPad Pro 12 inch?",@529932 We want to help. Send us a DM and we'll do everything we can to help you get things working smoothly. https://t.co/GDrqU22YpT,,25
1999726,1999725,Thu Nov 02 19:37:51 +0000 2017,"Hey @AppleSupport, I can't get my email to reconfigure to my MacBook. Is this something you can help me with? 😢","@591283 Thanks for reaching out, we're happy to help. Which macOS are you running? DM us with the details, we'll take it from there. https://t.co/GDrqU22YpT",,21
2207529,2207526,Fri Nov 10 01:27:01 +0000 2017,"@AppleSupport What’s up with the latest iOS update?! It’s been restoring my X, FOR HOURS?! Get it together @115858","@645406 We definitely want you to enjoy your iPhone, so we will do our best to get you a resolution for this! Are you trying to restore from iTunes or iCloud backup?",,19
1996869,1996868,Fri Nov 03 10:34:08 +0000 2017,@AppleSupport hi: doesn’t the new itunes support the ipod touch 2nd gen?,"@123136 Hi. Please DM to clarify your question for us. Are you unable to connect with iTunes on a computer, or the iTunes Store app? https://t.co/GDrqU22YpT",,12
1813537,1813536,Sun Oct 15 05:06:01 +0000 2017,"Updating to #iOS11 was the biggest mistake. Experiencing call fails, unable to receive calls and slow functioning. @115858 @AppleSupport","@544817 We want iOS 11 to be the best experience, yet. To start, meet up with us in a DM. We'll move forward from there. https://t.co/GDrqU22YpT",,19
1157998,1157997,Tue Oct 24 15:58:03 +0000 2017,"@AppleSupport iPhone 6, updated to iOS11. My landscape keyboard is missing keys and not changing size. Wtf? https://t.co/OCZX1y1QLj",@392408 We're to help. This is expected behavior. We encourage you to leave feedback about this by going to https://t.co/aXEtn6UIwx,,18
1913023,1913022,Sat Nov 25 09:34:04 +0000 2017,So cold on the Mendips even the iPhone can’t stay awake! Battery issues @115858 #freezing https://t.co/sjOB5idpDf,@569836 Thank you for reaching out to us. We know how important battery life is on your device. Extreme temperatures can certainly have an effect on your iPhone. This article explains more about how very cold temperatures can shorten battery life: https://t.co/otCvUAaFQq,,16
1636567,1636569,Mon Nov 06 07:13:28 +0000 2017,"@AppleSupport So, standard DLNA streaming is flawless, airplay stutters. No other network issues",@500567 Let's meet in DM so we can gather a few more details from you. https://t.co/GDrqU22YpT,1636566.0,13
550643,550641,Sat Dec 02 14:01:08 +0000 2017,@121579 @115858 @AppleSupport My apps are all glitching then shutting down and I have to restart my phone at least once a day 🙈 (literally happened as I typed this 😩😩),@248273 We'd like to look into your apps glitching. Could you tell us which version of iOS you are running in Settings &gt; General &gt; About?,550644.0,31
2712602,2712601,Mon Nov 20 02:56:41 +0000 2017,Phone starts at 20% ... 4 mins into FaceTime drops to 1% @AppleSupport @115858 stop updating the software without a battery solution,@570357 We'd be happy to help. Send us a DM with a few details and we can start there. https://t.co/GDrqU22YpT,,22
2900347,2900348,Tue Nov 28 21:56:41 +0000 2017,@AppleSupport First time I attempted to re-add an event I believe it ignored the day I added it to and set it to the next day. The second attempt resulted in nothing being added.,@803442 Have you fully restarted your device then tried again yet?,2900346.0,34
1576379,1576374,Sat Nov 04 13:46:31 +0000 2017,@AppleSupport I’m with T-Mobile but need a Verizon iPhone X. Cannot buy because asked for VZW account info. How can I purchase VZW model?,"@485665 Hi there! If you need a phone through Verizon, you'd have to reach out to them directly.",,24
877147,877146,Fri Oct 13 15:35:17 +0000 2017,@328232 @115858 any success fixing it? same problem here,@328231 We'd like to look into this. Please join us in DM here: https://t.co/GDrqU22YpT,877148.0,9
875149,875147,Fri Oct 20 17:07:09 +0000 2017,just pulled my phone off the charger and it’s already at 68% what in the actual fuck @115858,@327780 We'd like to look into this with you. Does your iPhone charge to 100%? Which iOS version is installed currently?,,18
2303431,2303432,Sun Nov 12 23:13:36 +0000 2017,"@AppleSupport Home, Car etc.","@565557 How far away is your audio source when this happens? Also, does this persist when pairing the AirPods with another audio source?",2303430.0,4
996598,996597,Fri Nov 10 08:38:05 +0000 2017,@AppleSupport! What If I buy Iphone x(unlocked) from usa? Will I get the warranty? In India? #urgenthelp!,@355985 We'll want to take a closer look at this for you. DM us which model you're looking at purchasing and we'll get started. https://t.co/GDrqU22YpT,,17
1095924,1095926,Mon Oct 23 21:53:00 +0000 2017,@AppleSupport the most recent one duh,@378619 Let's move into DM and we'll take a further look into this. https://t.co/GDrqU22YpT,1095923.0,6
1724436,1724435,Tue Nov 07 02:41:14 +0000 2017,Yo @AppleSupport how are you zaddy? Do us a favor and fix this I️ issue that came with your update. Thanks baby. Love you https://t.co/ZQGKdrVlRK,@521578 Here’s what you can do to work around the issue until it’s fixed in a future software update: https://t.co/qODbOsp4wz,,25
225134,225136,Sat Nov 25 02:22:58 +0000 2017,"@AppleSupport iphone 8 plus, ios 11.1.2",@169779 We'll do everything we can to help resolve this issue. Have you tried a normal restart of the device? This simple step can resolve issues like this. This article explains how to do a normal restart: https://t.co/bc6P3CZFdY,225133.0,6
701628,701627,Thu Nov 23 15:54:04 +0000 2017,"So @115858, are you gonna fix the fact “it” autocorrects to “I.T” so are we just gonna ignore this and call I.T a day",@287499 We'd like to help. Could you Direct Message us and let us know what iOS version you're on?,,24
1134263,1134265,Sun Oct 15 05:25:10 +0000 2017,@AppleSupport my iphone 6 started glitching + top half would flicker from the normal screen toa plain grey. Then the touch part of the phone woulndt work,@387257 Thanks for those details! What version of iOS are you running? Let us know in DM and we can continue to troubleshoot there. https://t.co/GDrqU22YpT,1134262.0,27
2517072,2517070,Wed Nov 15 22:55:19 +0000 2017,The battery on my watch is sooo bad since the newest update 😩 @AppleSupport,"@717007 We'd be happy to work with you to ensure you maximize your battery life. To confirm, are you running watchOS 4.1? Can you DM us how long the Apple Watch lasts on a full charge typically? https://t.co/GDrqU22YpT",,14
1001232,1001230,Sat Oct 14 04:30:00 +0000 2017,@43936 @115858 Ever since the update my phone can't even last the whole day with one charge. Ticks me right off.,@357037 This is not the experience we want you to have. Which iPhone model do you own?,1001234.0,21
2949613,2949612,Wed Nov 29 16:27:45 +0000 2017,@AppleSupport hi do you have a complaint procedure please?,@814578 Thanks for reaching out. We'd like to hear more. DM us with all the details and we'll go from there. https://t.co/GDrqU22YpT,,9
90632,90631,Thu Nov 30 10:53:41 +0000 2017,"@AppleSupport I purchased a Macbook Pro 13"" Touchbar and within 4 days discovered keys were going hard, not inputting properly - should this machine be immediately replaced. If it has to go into a repair centre first, can you say why?",@135618 Thanks for reaching out. We can definitely look into your optoins with you. Send us a DM and we'll go from there. https://t.co/GDrqU22YpT,,41
1270326,1270325,Thu Oct 26 12:01:36 +0000 2017,"Desde que actualicé al iOS11 mi iPhone7 va de mal en peor... se bloquea, las apps se cierran y la batería dura 1/2 día @AppleSupport @115858",@417416 We offer support via Twitter in English. Get help in Spanish here: https://t.co/IBIY3vMgPj or join https://t.co/OczyRx7IOs,,26
1243833,1243832,Wed Oct 25 23:32:52 +0000 2017,@AppleSupport My apple music ain’t working so we swinging,"@411811 We're here to help. DM us, and let us know what happens when you try to us it. We'll see what we can do. https://t.co/GDrqU22YpT",,9
2036837,2036836,Wed Oct 18 22:06:44 +0000 2017,Dear @115858 this is the charger that came with my phone so not sure why it wouldn’t be supported but kindly back off… I’m frustrated 🙄 https://t.co/gES7VrO6J3,"@602207 We'd like to help. What kind of phone do you have? Also, when did you first notice this issue?",,27
1473776,1473774,Fri Nov 03 01:06:54 +0000 2017,"Hej @AppleSupport my time is set to 24-hour time, but in Alarm app is showing 12-hour time. Where is problem?",@462123 We're happy to assist. Which iOS version are you currently running? Go to Settings &gt; General &gt; About for the version.,,20
1203494,1203493,Tue Oct 17 19:31:18 +0000 2017,"@AppleSupport Yes.  Just not that show, like the option to turn them on disappeared!  It is now back- I just checked.  Thanks.  :)",@402725 That's great! We're glad to hear that you're able to see the captions. Let us know if we can be of any more help.,1203495.0,23
2278473,2278471,Sat Nov 11 11:42:01 +0000 2017,@AppleSupport I purchased reputation and it shows up in my purchased music in the store but won’t download or show up in iTunes,"@662492 We'd like to help. Can you tell us which device you're using and which version of software? Also, did you pre-order the album?",,23
1785592,1785591,Wed Oct 11 10:37:54 +0000 2017,"@115858 @AppleSupport locked out of my icloud, not getting two factor aunthetication text.. a",@536471 Check out this support article under the Frequently Asked Questions: https://t.co/RONuUjClwW DM us if you still have any issues. https://t.co/GDrqU22YpT,,14
2040904,2040903,Tue Nov 07 23:38:08 +0000 2017,Hurry up and fix this I️ bullshit @115858,@603454 Here’s what you can do to work around the issue until it’s fixed in a future software update: https://t.co/xXaXeeSRt9 https://t.co/GDrqU22YpT,,8
599071,599073,Sun Dec 03 20:43:53 +0000 2017,@AppleSupport In the App Store,"@262083 Alright. DM us, and we'll look into this deeper. https://t.co/GDrqU22YpT",599070.0,5
1144211,1144209,Tue Oct 24 08:40:13 +0000 2017,"@AppleSupport when I turn on my alarms, they just don’t go off. When I open the app theyre both on. Late for the second time cause kd this😭😭 https://t.co/ORXoWcjajf",@389308 We'd like to get to the bottom of this with you. DM us and we'll get started. https://t.co/GDrqU22YpT,,29
105409,105407,Thu Nov 30 18:05:24 +0000 2017,"Hey @AppleSupport, wanna explain to me why my phone won’t stop turning it’s damn WiFi on? I DONT WANT TO USE IT SO STOP TURNING IT ON","@139283 We can help! Are you using iOS 11? If so, check the following article for some guidance on how Wi-Fi works in Control Center: https://t.co/G7BHuQnDS6. To turn off Wi-Fi rather than disable it, you'll want to do so via Settings &gt; Wi-Fi. Let us know if that helps!",,27
2477532,2477530,Wed Nov 15 08:26:37 +0000 2017,Thai damn glitch where the I becomes that bloody symbol on the iPhone keyboard is annoying as hell! @AppleSupport,"@708145 We recently released an iOS update, 11.1.1, that contains a fix for autocorrect issues. Let’s be sure to back up your device prior to updating. How to back up: https://t.co/4f8hwT5to6",,19
266060,266058,Thu Oct 05 22:24:01 +0000 2017,@AppleSupport my new MacBook Air has a clicking sound to the right of the mouse pad. It’s Bugging me. Why?,@179381 Thanks for reaching out to us. We received your DM and we'll continue from there.,,20
397536,397533,Thu Nov 02 00:35:56 +0000 2017,@AppleSupport It happen atleast twice in a week since the phone is 2weeks old. Currently am using ios 11.0.3. And also device is getting heat to core.,"@210130 Is the iPhone heating while charging? Let us know if you receive any temperature warnings in DM, please. https://t.co/GDrqU22YpT",397538.0,27
1550825,1550824,Fri Nov 03 23:12:12 +0000 2017,"I've had to sign in to all my emails 15 times today, icloud isn't working so imessage isn't working and bluetooth won't connect. @115858 why",@220975 We're here for you. DM us the iPhone you're using and the iOS version you're running to get started. https://t.co/GDrqU22YpT,,25
2294654,2294653,Sat Nov 11 22:35:44 +0000 2017,@AppleSupport my movie purchases on Apple TV 4 are not in alphabetical order yet on my iOS devices they are 🤔,@666310 We're here to help. Let's get you in contact with our Apple TV team here: https://t.co/0PATYGSGKU,,21
2435295,2435297,Sun Oct 29 20:25:56 +0000 2017,@AppleSupport Changed my password it seems to be working now thanks,@698744 No problem. Don’t hesitate to reach out in the future. Take care.,2435294.0,11
56964,56962,Wed Nov 01 19:25:47 +0000 2017,‼️ STOP TURNING ON MY WI-FI ‼️@AppleSupport,"@128901 We're glad to help! Please let us know exactly what's going on, and if this addresses your issue: https://t.co/G7BHuQnDS6",,7
1709282,1709281,Tue Nov 07 00:17:56 +0000 2017,Hey @AppleSupport fix this. https://t.co/2720q3Rbbv,@517930 Here’s what you can do to work around the issue until it’s fixed in a future software update: https://t.co/xXaXeeSRt9,,5
215819,215818,Wed Oct 04 20:24:02 +0000 2017,@167325 @AppleSupport It’s the worst....wish I could downgrade 😂,@167324 Let's work on it together and see how much better we can make it. Please tell us more about the issues you notice.,215820.0,9
1345634,1345633,Fri Oct 27 14:19:23 +0000 2017,I hate @115858 so much. I can’t access iCloud and the shit is set up and I’m paying for extra storage but can’t see none of my pictures,@433771 We want to help. Send us a DM letting us know which country you are located in to get started. https://t.co/GDrqU22YpT,,28
501510,501512,Fri Dec 01 19:53:00 +0000 2017,"@AppleSupport Thanks, it appears completely random. I noticed it on the home screen when trying to start an app, or in a folder trying to start an app, or trying to swipe between home screens","@234821 We'd like to take a deeper look into this with you, DM us and we'll continue there. https://t.co/GDrqU22YpT",501509.0,35
612839,612837,Wed Nov 22 05:44:38 +0000 2017,@AppleSupport my iphone 6 has had a glitch where it “ghost touches” everything for months and im getting sick and tired of it. please fix my faulty phone i literally just finished paying it off within the past few months it shouldn’t be practically unusable,@174418 We’re here to help. Please DM us the software version you’re using so we can better assist you. https://t.co/GDrqU22YpT,,45
2759044,2759043,Tue Nov 21 03:52:56 +0000 2017,"Dear @115858, my phone doesn’t last more than 30 minutes without a charger. Please stop killing off my phone with these updates. I can’t afford a new one, I am a broke college student. 😅🙃",@772040 We certainly want your phone to last more than 30 minutes on a full charge. DM us and tell us what device and iOS version you have. https://t.co/GDrqU22YpT,,35
1062192,1062191,Mon Oct 23 09:14:06 +0000 2017,Hey @115858. Latest updates working perfectly fine. My battery is not even able to survive 6-7hrs on full charge. Great stuff. #iOS11,"@370794 We're here for you. Send us a DM, and we'll take a closer look at the issue together. https://t.co/GDrqU22YpT",,22
1716670,1716669,Mon Nov 06 23:15:48 +0000 2017,@115858 it’s driving me crazy! I’m tempted to go back to @1647 please fix this I️ issue ASAP,@519844 Here’s what you can do to work around the issue until it’s fixed in a future software update: https://t.co/xXaXeeSRt9,,18
743403,743401,Wed Oct 11 14:43:03 +0000 2017,"Hi @AppleSupport, is this spam? Or have I actually been charged for this? https://t.co/YSFGRHisRh",@297749 We're here for you. You'll want to refer to this article for help identifying emails: https://t.co/LNMCdqt6fD,,14
889063,889061,Sat Nov 25 16:12:11 +0000 2017,@115858 @AppleSupport Can you tell me why I'm getting emails from you saying I've just purchased #Netflix I can assure I have not made this purchase! 😡😠 https://t.co/DGLJ7BSqyp,@331073 Thanks for bringing his you our attention. We’d like to look at this further in a DM. Can you confirm who the sender is using this article in a DM? https://t.co/LNMCdqt6fD https://t.co/GDrqU22YpT,,28
2593261,2593260,Fri Nov 17 01:43:03 +0000 2017,@AppleSupport odd bug with spinning button on App Store? https://t.co/XblXYmdnDi,"@734403 Thank for sharing the video. We're not seeing a spinning button, could you let us know where you're seeing this?",,10
1097746,1097745,Mon Oct 23 22:03:21 +0000 2017,@AppleSupport what is the fix for the fast battery drain since I upgraded to IOS 11.0.3?,@379044 We'd love to help you with your iPhone battery. DM us and we'll continue there. https://t.co/GDrqU2kzhr,,16
1635718,1635716,Sun Nov 05 18:41:18 +0000 2017,wondering when @115858 is going to fix the new update glitch,@500336 We want to help. What is the issue you're experiencing?,,11
1774241,1774240,Wed Nov 08 02:57:20 +0000 2017,I’m trying to update my IOS but it keeps saying I’m not connected to the internet but I am!? The WiFi is clearly working @115858 @AppleSupport help?,@533213 We'd love to help. DM us at the link below for further assistance. https://t.co/GDrqU22YpT,,27
1335336,1335335,Mon Oct 16 07:32:11 +0000 2017,@115858 why has the latest update removed my fingerprint password?! Can I retrieve it?,"@431508 We'd like to take a look into this for you. Please send us a DM, and we'll get started. https://t.co/GDrqU22YpT",,14
1459855,1459854,Thu Nov 02 18:33:51 +0000 2017,@AppleSupport If your crap password reset page worked i would not be locked out of my account. 20 min and waiting for the bloody thing.,@458849 We want to help with your Apple ID. DM us with more information and we'll go from there. https://t.co/GDrqU22YpT,,25
2815577,2815579,Mon Nov 27 03:08:38 +0000 2017,"@AppleSupport thanks, though that sucks... would be easier and more convenient if we could just delete from the lock screen",@296329 We always recommend your feedback on these types of things here: https://t.co/oWzjJxkvlC,2815576.0,20
2025160,2025159,Mon Nov 06 09:57:48 +0000 2017,"@AppleSupport Yo, why do apps on my new macbook air keep freezing??? I've lost assignments and documents multiple times this semester. 🤬",@598904 We want to help.  Send us a DM letting us know which version of OS is on this computer.  Here's how: https://t.co/aTSJR8BjEc https://t.co/GDrqU22YpT,,22
1755190,1755189,Tue Nov 07 15:57:45 +0000 2017,"@AppleSupport ""Your Apple ID has been disabled."" when I try to update an app. What is this? https://t.co/Fvvaon4p9R",@230313 Thanks for contacting us about your Apple ID. We'd like to help. Please give this link a look: https://t.co/HH37urdbz9,,18
584653,584651,Sun Dec 03 08:58:25 +0000 2017,@AppleSupport Thank you. Do I turn be notifications back on after?,"@257966 After the update has completed, we'll want to turn those notifications back on as mentioned in step 4 of the article provided.",584655.0,11
498659,498661,Fri Dec 01 19:07:57 +0000 2017,"@AppleSupport It keeps freezing, shutting off, and keeps stopping my music when I’m playing it. It also randomly closes out of apps too.",@234047 Thanks for clarifying. Have you been experiencing these behaviors since you got your iPhone X? Do you know approximately how often these behaviors occur? Let us know via a DM. We’ll keep moving from there. https://t.co/GDrqU22YpT,498658.0,23
2004940,2004939,Fri Nov 03 23:42:10 +0000 2017,"@AppleSupport nah my mac has been sat for like 2 hours now, setting up and this shit still ain't working",@592887 Thanks for reaching out to us for support. We would love to help you. Please tell us what is going on with your Mac in DM. https://t.co/GDrqU22YpT,,20
2543980,2543979,Thu Nov 16 04:32:53 +0000 2017,.@115858 your iPhone update keeps dumping me out of apps,"@723181 We're here to help. Can you give us some more details about what you've been experiencing? Also, which iPhone and version of software are you currently using?",,10
825109,825111,Fri Oct 13 00:51:50 +0000 2017,@AppleSupport It seems to just iCloud Photo Library.  I can air drop from iPad Pro 12.9 to phone and then sync works to other devices like iPad Pro 9.7,@316511 Got it! Let's get you linked up with one of our Photos specialists for more. You can reach them here: https://t.co/IBIY3vMgPj,825108.0,29
829144,829142,Wed Nov 08 19:13:21 +0000 2017,@115858 -- is there going to be a fix for the iPhone soon? This opening up my phone to a sideways screen gets real old.,@317444 Thanks for reaching out to us for support. Can you please let us know which iOS version you're using and when the issue started?,,25
243051,243053,Wed Oct 04 05:05:50 +0000 2017,@AppleSupport I’ve tried that and I get this message. Looked into it and bc of iCloud music it won’t allow me to add my own music if I please https://t.co/j1xH3wrK6i,@173720 Let's look a little more into this. Please try the steps listed here and let us know how it goes: https://t.co/Oad1t25rHb,243050.0,30
244583,244581,Thu Oct 05 12:31:27 +0000 2017,"Hey @AppleSupport @115858 , how about not turning my iMessage off every time my phone updates, restricting my messaging for hours. Thanks 🖕🏼",@174107 That's not something we'd expect to have happen. We'll be happy to assist. Does it start working on its own eventually?,,23
1693353,1693352,Mon Nov 06 16:52:49 +0000 2017,@AppleSupport had a text to say my account has been blocked temporarily why?,@360597 Let's work together on this. Send us a DM here to get started. https://t.co/GDrqU22YpT,,13
1802620,1802619,Fri Oct 13 07:37:46 +0000 2017,"My WiFi turns itself on, my screen brightness increases &amp; decreases on its own (it’s not set on auto),drains battery. #iOS11. @AppleSupport",@541642 We can look into these with you. Could you Direct Message us and let us know what country you're located in? https://t.co/GDrqU22YpT,,22
1913125,1913124,Sat Nov 25 07:23:58 +0000 2017,Da fuq is all these extra charges from @115858 on my account @AppleSupport,@569866 We understand how concerning this can be and we'd be happy to point you in the right direction. Please visit us here: https://t.co/SDIe7UiyJN,,13
2506780,2506779,Sun Nov 26 19:11:54 +0000 2017,PHONE WONT CHARGE OR TURN ON SEND HELP @AppleSupport what do i do??????,@714749 We're here and we've got your back. Try these steps first: https://t.co/8MvHMFZ83h Let us know in DM via the following link how it went and we'll team up to get your iPhone working again. https://t.co/GDrqU22YpT,,13
109095,109094,Thu Nov 23 19:02:06 +0000 2017,"@AppleSupport Hi, I have an iPhone5S &amp; it started this morning &amp; no changes to the device. I am not sure what iOS version I have. At home I only have one bar showing and no 4G at present. When out had 3G &amp; still 1 bar?","@140215 Thanks for that info. You can find the iOS version by going to Settings &gt; General &gt; About. Send us a DM, with that so that we can take a closer look into this. https://t.co/GDrqU22YpT",109096.0,47
